0.000000	 -0.000000	 -0.000000	 -0.000000	 -4.000000
0.000000	 -0.000000	 -0.000000	 -0.000000	 -3.991992
0.000000	 -0.000000	 -0.000000	 -0.000000	 -3.983984
0.000000	 -0.000000	 -0.000000	 -0.000000	 -3.975976
0.000000	 -0.000000	 -0.000000	 -0.000000	 -3.967968
0.000000	 -0.000000	 -0.000000	 -0.000000	 -3.959960
0.000000	 -0.000000	 -0.000000	 -0.000000	 -3.951952
0.000000	 -0.000000	 -0.000000	 -0.000000	 -3.943944
0.000000	 -0.000000	 -0.000000	 -0.000000	 -3.935936
0.000000	 -0.000000	 -0.000000	 -0.000000	 -3.927928
0.000000	 -0.000000	 -0.000000	 -0.000000	 -3.919920
0.000000	 -0.000000	 -0.000000	 -0.000000	 -3.911912
0.000000	 -0.000000	 -0.000000	 -0.000000	 -3.903904
0.000000	 -0.000000	 -0.000000	 -0.000000	 -3.895896
0.000000	 -0.000000	 -0.000000	 -0.000000	 -3.887888
0.000000	 -0.000000	 -0.000000	 -0.000000	 -3.879880
0.000000	 -0.000000	 -0.000000	 -0.000000	 -3.871872
0.000000	 -0.000000	 -0.000000	 -0.000000	 -3.863864
0.000000	 -0.000000	 -0.000000	 -0.000000	 -3.855856
0.000000	 -0.000000	 -0.000000	 -0.000000	 -3.847848
0.000000	 -0.000000	 -0.000000	 -0.000000	 -3.839840
0.000000	 -0.000000	 -0.000000	 -0.000000	 -3.831832
0.000000	 -0.000000	 -0.000000	 -0.000000	 -3.823824
0.000000	 -0.000000	 -0.000000	 -0.000000	 -3.815816
0.000000	 -0.000000	 -0.000000	 -0.000000	 -3.807808
0.000000	 -0.000000	 -0.000000	 -0.000000	 -3.799800
0.000000	 -0.000000	 -0.000000	 -0.000000	 -3.791792
0.000000	 -0.000000	 -0.000000	 -0.000000	 -3.783784
0.000000	 -0.000000	 -0.000000	 -0.000000	 -3.775776
0.000000	 -0.000000	 -0.000000	 -0.000000	 -3.767768
0.000000	 -0.000000	 -0.000000	 -0.000000	 -3.759760
0.000000	 -0.000000	 -0.000000	 -0.000000	 -3.751752
0.000000	 -0.000000	 -0.000000	 -0.000000	 -3.743744
0.000000	 -0.000000	 -0.000000	 -0.000000	 -3.735736
0.000000	 -0.000000	 -0.000000	 -0.000000	 -3.727728
0.000000	 -0.000000	 -0.000000	 -0.000000	 -3.719720
0.000000	 -0.000000	 -0.000000	 -0.000000	 -3.711712
0.000000	 -0.000000	 -0.000000	 -0.000000	 -3.703704
0.000000	 -0.000000	 -0.000000	 -0.000000	 -3.695696
0.000000	 -0.000000	 -0.000000	 -0.000000	 -3.687688
0.000000	 -0.000000	 -0.000000	 -0.000000	 -3.679680
0.000000	 -0.000000	 -0.000000	 -0.000000	 -3.671672
0.000000	 -0.000000	 -0.000000	 -0.000000	 -3.663664
0.000000	 -0.000000	 -0.000000	 -0.000000	 -3.655656
0.000000	 -0.000000	 -0.000000	 -0.000000	 -3.647648
0.000000	 -0.000000	 -0.000000	 -0.000000	 -3.639640
0.000000	 -0.000000	 -0.000000	 -0.000000	 -3.631632
0.000000	 -0.000000	 -0.000000	 -0.000000	 -3.623624
0.000000	 -0.000000	 -0.000000	 -0.000000	 -3.615616
0.000000	 -0.000000	 -0.000000	 -0.000000	 -3.607608
0.000000	 -0.000000	 -0.000000	 -0.000000	 -3.599600
0.000000	 -0.000000	 -0.000000	 -0.000000	 -3.591592
0.000000	 -0.000000	 -0.000000	 -0.000000	 -3.583584
0.000000	 -0.000000	 -0.000000	 -0.000000	 -3.575576
0.000000	 -0.000000	 -0.000000	 -0.000000	 -3.567568
0.000000	 -0.000000	 -0.000000	 -0.000000	 -3.559560
0.000000	 -0.000000	 -0.000000	 -0.000000	 -3.551552
0.000000	 -0.000000	 -0.000000	 -0.000000	 -3.543544
0.000000	 -0.000000	 -0.000000	 -0.000000	 -3.535536
0.000000	 -0.000000	 -0.000000	 -0.000000	 -3.527528
0.000000	 -0.000000	 -0.000000	 -0.000000	 -3.519520
0.000000	 -0.000000	 -0.000000	 -0.000000	 -3.511512
0.000000	 -0.000000	 -0.000000	 -0.000000	 -3.503504
0.000000	 -0.000000	 -0.000000	 -0.000000	 -3.495495
0.000000	 -0.000000	 -0.000000	 -0.000000	 -3.487487
0.000000	 -0.000000	 -0.000000	 -0.000000	 -3.479479
0.000000	 -0.000000	 -0.000000	 -0.000000	 -3.471471
0.000000	 -0.000000	 -0.000000	 -0.000000	 -3.463463
0.000000	 -0.000000	 -0.000000	 -0.000000	 -3.455455
0.000000	 -0.000000	 -0.000000	 -0.000000	 -3.447447
0.000000	 -0.000000	 -0.000000	 -0.000000	 -3.439439
0.000000	 -0.000000	 -0.000000	 -0.000000	 -3.431431
0.000000	 -0.000000	 -0.000000	 -0.000000	 -3.423423
0.000000	 -0.000000	 -0.000000	 -0.000000	 -3.415415
0.000000	 -0.000000	 -0.000000	 -0.000000	 -3.407407
0.000000	 -0.000000	 -0.000000	 -0.000000	 -3.399399
0.000000	 -0.000000	 -0.000000	 -0.000000	 -3.391391
0.000000	 -0.000000	 -0.000000	 -0.000000	 -3.383383
0.000000	 -0.000000	 -0.000000	 -0.000000	 -3.375375
0.000000	 -0.000000	 -0.000000	 -0.000000	 -3.367367
0.000000	 -0.000000	 -0.000000	 -0.000000	 -3.359359
0.000000	 -0.000000	 -0.000000	 -0.000000	 -3.351351
0.000000	 -0.000000	 -0.000000	 -0.000000	 -3.343343
0.000000	 -0.000000	 -0.000000	 -0.000000	 -3.335335
0.000000	 -0.000000	 -0.000000	 -0.000000	 -3.327327
0.000000	 -0.000000	 -0.000000	 -0.000000	 -3.319319
0.000000	 -0.000000	 -0.000000	 -0.000000	 -3.311311
0.000000	 -0.000000	 -0.000000	 -0.000000	 -3.303303
0.000000	 -0.000000	 -0.000000	 -0.000000	 -3.295295
0.000000	 -0.000000	 -0.000000	 -0.000000	 -3.287287
0.000000	 -0.000000	 -0.000000	 -0.000000	 -3.279279
0.000000	 -0.000000	 -0.000000	 -0.000000	 -3.271271
0.000000	 -0.000000	 -0.000000	 -0.000000	 -3.263263
0.000000	 -0.000000	 -0.000000	 -0.000000	 -3.255255
0.000000	 -0.000000	 -0.000000	 -0.000000	 -3.247247
0.000000	 -0.000000	 -0.000000	 -0.000000	 -3.239239
0.000000	 -0.000000	 -0.000000	 -0.000000	 -3.231231
0.000000	 -0.000000	 -0.000000	 -0.000000	 -3.223223
0.000000	 -0.000000	 -0.000000	 -0.000000	 -3.215215
0.000000	 -0.000000	 -0.000000	 -0.000000	 -3.207207
0.000000	 -0.000000	 -0.000000	 -0.000000	 -3.199199
0.000000	 -0.000000	 -0.000000	 -0.000000	 -3.191191
0.000000	 -0.000000	 -0.000000	 -0.000000	 -3.183183
0.000000	 -0.000000	 -0.000000	 -0.000000	 -3.175175
0.000000	 -0.000000	 -0.000000	 -0.000000	 -3.167167
0.000000	 -0.000000	 -0.000000	 -0.000000	 -3.159159
0.000000	 -0.000000	 -0.000000	 -0.000000	 -3.151151
0.000000	 -0.000000	 -0.000000	 -0.000000	 -3.143143
0.000000	 -0.000000	 -0.000000	 -0.000000	 -3.135135
0.000000	 -0.000000	 -0.000000	 -0.000000	 -3.127127
0.000000	 -0.000000	 -0.000000	 -0.000000	 -3.119119
0.000000	 -0.000000	 -0.000000	 -0.000000	 -3.111111
0.000000	 -0.000000	 -0.000000	 -0.000000	 -3.103103
0.000000	 -0.000000	 -0.000000	 -0.000000	 -3.095095
0.000000	 -0.000000	 -0.000000	 -0.000000	 -3.087087
0.000000	 -0.000000	 -0.000000	 -0.000000	 -3.079079
0.000000	 -0.000000	 -0.000000	 -0.000000	 -3.071071
0.000000	 -0.000000	 -0.000000	 -0.000000	 -3.063063
0.000000	 -0.000000	 -0.000000	 -0.000000	 -3.055055
0.000000	 -0.000000	 -0.000000	 -0.000000	 -3.047047
0.000000	 -0.000000	 -0.000000	 -0.000000	 -3.039039
0.000000	 -0.000000	 -0.000000	 -0.000000	 -3.031031
0.000000	 -0.000000	 -0.000000	 -0.000000	 -3.023023
0.000000	 -0.000000	 -0.000000	 -0.000000	 -3.015015
0.000000	 -0.000000	 -0.000000	 -0.000000	 -3.007007
0.000000	 -0.000000	 -0.000000	 -0.000000	 -2.998999
0.000000	 -0.000000	 -0.000000	 -0.000000	 -2.990991
0.000000	 -0.000000	 -0.000000	 -0.000000	 -2.982983
0.000000	 -0.000000	 -0.000000	 -0.000000	 -2.974975
0.000000	 -0.000000	 -0.000000	 -0.000000	 -2.966967
0.000000	 -0.000000	 -0.000000	 -0.000000	 -2.958959
0.000000	 -0.000000	 -0.000000	 -0.000000	 -2.950951
0.000000	 -0.000000	 -0.000000	 -0.000000	 -2.942943
0.000000	 -0.000000	 -0.000000	 -0.000000	 -2.934935
0.000000	 -0.000000	 -0.000000	 -0.000000	 -2.926927
0.000000	 -0.000000	 -0.000000	 -0.000000	 -2.918919
0.000000	 -0.000000	 -0.000000	 -0.000000	 -2.910911
0.000000	 -0.000000	 -0.000000	 -0.000000	 -2.902903
0.000000	 -0.000000	 -0.000000	 -0.000000	 -2.894895
0.000000	 -0.000000	 -0.000000	 -0.000000	 -2.886887
0.000000	 -0.000000	 -0.000000	 -0.000000	 -2.878879
0.000000	 -0.000000	 -0.000000	 -0.000000	 -2.870871
0.000000	 -0.000000	 -0.000000	 -0.000000	 -2.862863
0.000000	 -0.000000	 -0.000000	 -0.000000	 -2.854855
0.000000	 -0.000000	 -0.000000	 -0.000000	 -2.846847
0.000000	 -0.000000	 -0.000000	 -0.000000	 -2.838839
0.000000	 -0.000000	 -0.000000	 -0.000000	 -2.830831
0.000000	 -0.000000	 -0.000000	 -0.000000	 -2.822823
0.000000	 -0.000000	 -0.000000	 -0.000000	 -2.814815
0.000000	 -0.000000	 -0.000000	 -0.000000	 -2.806807
0.000000	 -0.000000	 -0.000000	 -0.000000	 -2.798799
0.000000	 -0.000000	 -0.000000	 -0.000000	 -2.790791
0.000000	 -0.000000	 -0.000000	 -0.000000	 -2.782783
0.000000	 -0.000000	 -0.000000	 -0.000000	 -2.774775
0.000000	 -0.000000	 -0.000000	 -0.000000	 -2.766767
0.000000	 -0.000000	 -0.000000	 -0.000000	 -2.758759
0.000000	 -0.000000	 -0.000000	 -0.000000	 -2.750751
0.000000	 -0.000000	 -0.000000	 -0.000000	 -2.742743
0.000000	 -0.000000	 -0.000000	 -0.000000	 -2.734735
0.000000	 -0.000000	 -0.000000	 -0.000000	 -2.726727
0.000000	 -0.000000	 -0.000000	 -0.000000	 -2.718719
0.000000	 -0.000000	 -0.000000	 -0.000000	 -2.710711
0.000000	 -0.000000	 -0.000000	 -0.000000	 -2.702703
0.000000	 -0.000000	 -0.000000	 -0.000000	 -2.694695
0.000000	 -0.000000	 -0.000000	 -0.000000	 -2.686687
0.000000	 -0.000000	 -0.000000	 -0.000000	 -2.678679
0.000000	 -0.000000	 -0.000000	 -0.000000	 -2.670671
0.000000	 -0.000000	 -0.000000	 -0.000000	 -2.662663
0.000000	 -0.000000	 -0.000000	 -0.000000	 -2.654655
0.000000	 -0.000000	 -0.000000	 -0.000000	 -2.646647
0.000000	 -0.000000	 -0.000000	 -0.000000	 -2.638639
0.000000	 -0.000000	 -0.000000	 -0.000000	 -2.630631
0.000000	 -0.000000	 -0.000000	 -0.000000	 -2.622623
0.000000	 -0.000000	 -0.000000	 -0.000000	 -2.614615
0.000000	 -0.000000	 -0.000000	 -0.000000	 -2.606607
0.000000	 -0.000000	 -0.000000	 -0.000000	 -2.598599
0.000000	 -0.000000	 -0.000000	 -0.000000	 -2.590591
0.000000	 -0.000000	 -0.000000	 -0.000000	 -2.582583
0.000000	 -0.000000	 -0.000000	 -0.000000	 -2.574575
0.000000	 -0.000000	 -0.000000	 -0.000000	 -2.566567
0.000000	 -0.000000	 -0.000000	 -0.000000	 -2.558559
0.000000	 -0.000000	 -0.000000	 -0.000000	 -2.550551
0.000000	 -0.000000	 -0.000000	 -0.000000	 -2.542543
0.000000	 -0.000000	 -0.000000	 -0.000000	 -2.534535
0.000000	 -0.000000	 -0.000000	 -0.000000	 -2.526527
0.000000	 -0.000000	 -0.000000	 -0.000000	 -2.518519
0.000000	 -0.000000	 -0.000000	 -0.000000	 -2.510511
0.000000	 -0.000000	 -0.000000	 -0.000000	 -2.502503
0.000000	 -0.000000	 -0.000000	 -0.000000	 -2.494494
0.000000	 -0.000000	 -0.000000	 -0.000000	 -2.486486
0.000000	 -0.000000	 -0.000000	 -0.000000	 -2.478478
0.000000	 -0.000000	 -0.000000	 -0.000000	 -2.470470
0.000000	 -0.000000	 -0.000000	 -0.000000	 -2.462462
0.000000	 -0.000000	 -0.000000	 -0.000000	 -2.454454
0.000000	 -0.000000	 -0.000000	 -0.000000	 -2.446446
0.000000	 -0.000000	 -0.000000	 -0.000000	 -2.438438
0.000000	 -0.000000	 -0.000000	 -0.000000	 -2.430430
0.000000	 -0.000000	 -0.000000	 -0.000000	 -2.422422
0.000000	 -0.000000	 -0.000000	 -0.000000	 -2.414414
0.000000	 -0.000000	 -0.000000	 -0.000000	 -2.406406
0.000000	 -0.000000	 -0.000000	 -0.000000	 -2.398398
0.000000	 -0.000000	 -0.000000	 -0.000000	 -2.390390
0.000000	 -0.000000	 -0.000000	 -0.000000	 -2.382382
0.000000	 -0.000000	 -0.000000	 -0.000000	 -2.374374
0.000000	 -0.000000	 -0.000000	 -0.000000	 -2.366366
0.000000	 -0.000000	 -0.000000	 -0.000000	 -2.358358
0.000000	 -0.000000	 -0.000000	 -0.000000	 -2.350350
0.000000	 -0.000000	 -0.000000	 -0.000000	 -2.342342
0.000000	 -0.000000	 -0.000000	 -0.000000	 -2.334334
0.000000	 -0.000000	 -0.000000	 -0.000000	 -2.326326
0.000000	 -0.000000	 -0.000000	 -0.000000	 -2.318318
0.000000	 -0.000000	 -0.000000	 -0.000000	 -2.310310
0.000000	 -0.000000	 -0.000000	 -0.000000	 -2.302302
0.000000	 -0.000000	 -0.000000	 -0.000000	 -2.294294
0.000000	 -0.000000	 -0.000000	 -0.000000	 -2.286286
0.000000	 -0.000000	 -0.000000	 -0.000000	 -2.278278
0.000000	 -0.000000	 -0.000000	 -0.000000	 -2.270270
0.000000	 -0.000000	 -0.000000	 -0.000000	 -2.262262
0.000000	 -0.000000	 -0.000000	 -0.000000	 -2.254254
0.000000	 -0.000000	 -0.000000	 -0.000000	 -2.246246
0.000000	 -0.000000	 -0.000000	 -0.000000	 -2.238238
0.000000	 -0.000000	 -0.000000	 -0.000000	 -2.230230
0.000000	 -0.000000	 -0.000000	 -0.000000	 -2.222222
0.000000	 -0.000000	 -0.000000	 -0.000000	 -2.214214
0.000000	 -0.000000	 -0.000000	 -0.000000	 -2.206206
0.000000	 -0.000000	 -0.000000	 -0.000000	 -2.198198
0.000000	 -0.000000	 -0.000000	 -0.000000	 -2.190190
0.000000	 -0.000000	 -0.000000	 -0.000000	 -2.182182
0.000000	 -0.000000	 -0.000000	 -0.000000	 -2.174174
0.000000	 -0.000000	 -0.000000	 -0.000000	 -2.166166
0.000000	 -0.000000	 -0.000000	 -0.000000	 -2.158158
0.000000	 -0.000000	 -0.000000	 -0.000000	 -2.150150
0.000000	 -0.000000	 -0.000000	 -0.000000	 -2.142142
0.000000	 -0.000000	 -0.000000	 -0.000000	 -2.134134
0.000000	 -0.000000	 -0.000000	 -0.000000	 -2.126126
0.000000	 -0.000000	 -0.000000	 -0.000000	 -2.118118
0.000000	 -0.000000	 -0.000000	 -0.000000	 -2.110110
0.000000	 -0.000000	 -0.000000	 -0.000000	 -2.102102
0.000000	 -0.000000	 -0.000000	 -0.000000	 -2.094094
0.000000	 -0.000000	 -0.000000	 -0.000000	 -2.086086
0.000000	 -0.000000	 -0.000000	 -0.000000	 -2.078078
0.000000	 -0.000000	 -0.000000	 -0.000000	 -2.070070
0.000000	 -0.000000	 -0.000000	 -0.000000	 -2.062062
0.000000	 -0.000000	 -0.000000	 -0.000000	 -2.054054
0.000000	 -0.000000	 -0.000000	 -0.000000	 -2.046046
0.000000	 -0.000000	 -0.000000	 -0.000000	 -2.038038
0.000000	 -0.000000	 -0.000000	 -0.000000	 -2.030030
0.000000	 -0.000000	 -0.000000	 -0.000000	 -2.022022
0.000000	 -0.000000	 -0.000000	 -0.000000	 -2.014014
0.000000	 -0.000000	 -0.000000	 -0.000000	 -2.006006
0.000000	 -0.000000	 -0.000000	 -0.000000	 -1.997998
0.000000	 -0.000000	 -0.000000	 -0.000000	 -1.989990
0.000000	 -0.000000	 -0.000000	 -0.000000	 -1.981982
0.000000	 -0.000000	 -0.000000	 -0.000000	 -1.973974
0.000000	 -0.000000	 -0.000000	 -0.000000	 -1.965966
0.000000	 -0.000000	 -0.000000	 -0.000000	 -1.957958
0.000000	 -0.000000	 -0.000000	 -0.000000	 -1.949950
0.000000	 -0.000000	 -0.000000	 -0.000000	 -1.941942
0.000000	 -0.000000	 -0.000000	 -0.000000	 -1.933934
0.000000	 -0.000000	 -0.000000	 -0.000000	 -1.925926
0.000000	 -0.000000	 -0.000000	 -0.000000	 -1.917918
0.000000	 -0.000000	 -0.000000	 -0.000000	 -1.909910
0.000000	 -0.000000	 -0.000000	 -0.000000	 -1.901902
0.000000	 -0.000000	 -0.000000	 -0.000000	 -1.893894
0.000000	 -0.000000	 -0.000000	 -0.000000	 -1.885886
0.000000	 -0.000000	 -0.000000	 -0.000000	 -1.877878
0.000000	 -0.000000	 -0.000000	 -0.000000	 -1.869870
0.000000	 -0.000000	 -0.000000	 -0.000000	 -1.861862
0.000000	 -0.000000	 -0.000000	 -0.000000	 -1.853854
0.000000	 -0.000000	 -0.000000	 -0.000000	 -1.845846
0.000000	 -0.000000	 -0.000000	 -0.000000	 -1.837838
0.000000	 -0.000000	 -0.000000	 -0.000000	 -1.829830
0.000000	 -0.000000	 -0.000000	 -0.000000	 -1.821822
0.000000	 -0.000000	 -0.000000	 -0.000000	 -1.813814
0.000000	 -0.000000	 -0.000000	 -0.000000	 -1.805806
0.000000	 -0.000000	 -0.000000	 -0.000000	 -1.797798
0.000000	 -0.000000	 -0.000000	 -0.000000	 -1.789790
0.000000	 -0.000000	 -0.000000	 -0.000000	 -1.781782
0.000000	 -0.000000	 -0.000000	 -0.000000	 -1.773774
0.000000	 -0.000000	 -0.000000	 -0.000000	 -1.765766
0.000000	 -0.000000	 -0.000000	 -0.000000	 -1.757758
0.000000	 -0.000000	 -0.000000	 -0.000000	 -1.749750
0.000000	 -0.000000	 -0.000000	 -0.000000	 -1.741742
0.000000	 -0.000000	 -0.000000	 -0.000000	 -1.733734
0.000000	 -0.000000	 -0.000000	 -0.000000	 -1.725726
0.000000	 -0.000000	 -0.000000	 -0.000000	 -1.717718
0.000000	 -0.000000	 -0.000000	 -0.000000	 -1.709710
0.000000	 -0.000000	 -0.000000	 -0.000000	 -1.701702
0.000000	 -0.000000	 -0.000000	 -0.000000	 -1.693694
0.000000	 -0.000000	 -0.000000	 -0.000000	 -1.685686
0.000000	 -0.000000	 -0.000000	 -0.000000	 -1.677678
0.000000	 -0.000000	 -0.000000	 -0.000000	 -1.669670
0.000000	 -0.000000	 -0.000000	 -0.000000	 -1.661662
0.000000	 -0.000000	 -0.000000	 -0.000000	 -1.653654
0.000000	 -0.000000	 -0.000000	 -0.000000	 -1.645646
0.000000	 -0.000000	 -0.000000	 -0.000000	 -1.637638
0.000000	 -0.000000	 -0.000000	 -0.000000	 -1.629630
0.000000	 -0.000000	 -0.000000	 -0.000000	 -1.621622
0.000000	 -0.000000	 -0.000000	 -0.000000	 -1.613614
0.000000	 -0.000000	 -0.000000	 -0.000000	 -1.605606
0.000000	 -0.000000	 -0.000000	 -0.000000	 -1.597598
0.000000	 -0.000000	 -0.000000	 -0.000000	 -1.589590
0.000000	 -0.000000	 -0.000000	 -0.000000	 -1.581582
0.000000	 -0.000000	 -0.000000	 -0.000000	 -1.573574
0.000000	 -0.000000	 -0.000000	 -0.000000	 -1.565566
0.000000	 -0.000000	 -0.000000	 -0.000000	 -1.557558
0.000000	 -0.000000	 -0.000000	 -0.000000	 -1.549550
0.000000	 -0.000000	 -0.000000	 -0.000000	 -1.541542
0.000000	 -0.000000	 -0.000000	 -0.000000	 -1.533534
0.000000	 -0.000000	 -0.000000	 -0.000000	 -1.525526
0.000000	 -0.000000	 -0.000000	 -0.000000	 -1.517518
0.000000	 -0.000000	 -0.000000	 -0.000000	 -1.509510
0.000000	 -0.000000	 -0.000000	 -0.000000	 -1.501502
0.000000	 -0.000000	 -0.000000	 -0.000000	 -1.493493
0.000000	 -0.000000	 -0.000000	 -0.000000	 -1.485485
0.000000	 -0.000000	 -0.000000	 -0.000000	 -1.477477
0.000000	 -0.000000	 -0.000000	 -0.000000	 -1.469469
0.000000	 -0.000000	 -0.000000	 -0.000000	 -1.461461
0.000000	 -0.000000	 -0.000000	 -0.000000	 -1.453453
0.000000	 -0.000000	 -0.000000	 -0.000000	 -1.445445
0.000000	 -0.000000	 -0.000000	 -0.000000	 -1.437437
0.000000	 -0.000000	 -0.000000	 -0.000000	 -1.429429
0.000000	 -0.000000	 -0.000000	 -0.000000	 -1.421421
0.000000	 -0.000000	 -0.000000	 -0.000000	 -1.413413
0.000000	 -0.000000	 -0.000000	 -0.000000	 -1.405405
0.000000	 -0.000000	 -0.000000	 -0.000000	 -1.397397
0.000000	 -0.000000	 -0.000000	 -0.000000	 -1.389389
0.000000	 -0.000000	 -0.000000	 -0.000000	 -1.381381
0.000000	 -0.000000	 -0.000000	 -0.000000	 -1.373373
0.000000	 -0.000000	 -0.000000	 -0.000000	 -1.365365
0.000000	 -0.000000	 -0.000000	 -0.000000	 -1.357357
0.000000	 -0.000000	 -0.000000	 -0.000000	 -1.349349
0.000000	 -0.000000	 -0.000000	 -0.000000	 -1.341341
0.000000	 -0.000000	 -0.000000	 -0.000000	 -1.333333
0.000000	 -0.000000	 -0.000000	 -0.000000	 -1.325325
0.000000	 -0.000000	 -0.000000	 -0.000000	 -1.317317
0.000000	 -0.000000	 -0.000000	 -0.000000	 -1.309309
0.000000	 -0.000000	 -0.000000	 -0.000000	 -1.301301
0.000000	 -0.000000	 -0.000000	 -0.000000	 -1.293293
0.000000	 -0.000000	 -0.000000	 -0.000000	 -1.285285
0.000000	 -0.000000	 -0.000000	 -0.000000	 -1.277277
0.000000	 -0.000000	 -0.000000	 -0.000000	 -1.269269
0.000000	 -0.000000	 -0.000000	 -0.000000	 -1.261261
0.000000	 -0.000000	 -0.000000	 -0.000000	 -1.253253
0.000000	 -0.000000	 -0.000000	 -0.000000	 -1.245245
0.000000	 -0.000000	 -0.000000	 -0.000000	 -1.237237
0.000000	 -0.000000	 -0.000000	 -0.000000	 -1.229229
0.000000	 -0.000000	 -0.000000	 -0.000000	 -1.221221
0.000000	 -0.000000	 -0.000000	 -0.000000	 -1.213213
0.000000	 -0.000000	 -0.000000	 -0.000000	 -1.205205
0.000000	 -0.000000	 -0.000000	 -0.000000	 -1.197197
0.000000	 -0.000000	 -0.000000	 -0.000000	 -1.189189
0.000000	 -0.000000	 -0.000000	 -0.000000	 -1.181181
0.000000	 -0.000000	 -0.000000	 -0.000000	 -1.173173
0.000000	 -0.000000	 -0.000000	 -0.000000	 -1.165165
0.000000	 -0.000000	 -0.000000	 -0.000000	 -1.157157
0.000000	 -0.000000	 -0.000000	 -0.000000	 -1.149149
0.000000	 -0.000000	 -0.000000	 -0.000000	 -1.141141
0.000000	 -0.000000	 -0.000000	 -0.000000	 -1.133133
0.000000	 -0.000000	 -0.000000	 -0.000000	 -1.125125
0.000000	 -0.000000	 -0.000000	 -0.000000	 -1.117117
0.000000	 -0.000000	 -0.000000	 -0.000000	 -1.109109
0.000000	 -0.000000	 -0.000000	 -0.000000	 -1.101101
0.000000	 -0.000000	 -0.000000	 -0.000000	 -1.093093
0.000000	 -0.000000	 -0.000000	 -0.000000	 -1.085085
0.000000	 -0.000000	 -0.000000	 -0.000000	 -1.077077
0.000000	 -0.000000	 -0.000000	 -0.000000	 -1.069069
0.000000	 -0.000000	 -0.000000	 -0.000000	 -1.061061
0.000000	 -0.000000	 -0.000000	 -0.000000	 -1.053053
0.000000	 -0.000000	 -0.000000	 -0.000000	 -1.045045
0.000000	 -0.000000	 -0.000000	 -0.000000	 -1.037037
0.000000	 -0.000000	 -0.000000	 -0.000000	 -1.029029
0.000000	 -0.000000	 -0.000000	 -0.000000	 -1.021021
0.000000	 -0.000000	 -0.000000	 -0.000000	 -1.013013
0.000000	 -0.000000	 -0.000000	 -0.000000	 -1.005005
0.000000	 -0.000000	 -0.000000	 -0.000000	 -0.996997
0.000000	 -0.000000	 -0.000000	 -0.000000	 -0.988989
0.000000	 -0.000000	 -0.000000	 -0.000000	 -0.980981
0.000000	 -0.000000	 -0.000000	 -0.000000	 -0.972973
0.000000	 -0.000000	 -0.000000	 -0.000000	 -0.964965
0.000000	 -0.000000	 -0.000000	 -0.000000	 -0.956957
0.000000	 -0.000000	 -0.000000	 -0.000000	 -0.948949
0.000000	 -0.000000	 -0.000000	 -0.000000	 -0.940941
0.000001	 -0.000000	 -0.000000	 -0.000000	 -0.932933
0.000001	 -0.000001	 -0.000001	 -0.000001	 -0.924925
0.000001	 -0.000001	 -0.000001	 -0.000001	 -0.916917
0.000001	 -0.000001	 -0.000001	 -0.000001	 -0.908909
0.000001	 -0.000001	 -0.000001	 -0.000001	 -0.900901
0.000002	 -0.000002	 -0.000002	 -0.000002	 -0.892893
0.000002	 -0.000002	 -0.000002	 -0.000002	 -0.884885
0.000003	 -0.000002	 -0.000002	 -0.000002	 -0.876877
0.000003	 -0.000003	 -0.000003	 -0.000003	 -0.868869
0.000004	 -0.000004	 -0.000004	 -0.000004	 -0.860861
0.000005	 -0.000005	 -0.000005	 -0.000005	 -0.852853
0.000007	 -0.000006	 -0.000006	 -0.000006	 -0.844845
0.000009	 -0.000007	 -0.000007	 -0.000007	 -0.836837
0.000011	 -0.000009	 -0.000009	 -0.000009	 -0.828829
0.000013	 -0.000011	 -0.000011	 -0.000011	 -0.820821
0.000017	 -0.000013	 -0.000013	 -0.000013	 -0.812813
0.000020	 -0.000016	 -0.000016	 -0.000016	 -0.804805
0.000025	 -0.000020	 -0.000020	 -0.000020	 -0.796797
0.000031	 -0.000025	 -0.000025	 -0.000025	 -0.788789
0.000039	 -0.000030	 -0.000030	 -0.000030	 -0.780781
0.000048	 -0.000037	 -0.000037	 -0.000037	 -0.772773
0.000058	 -0.000045	 -0.000045	 -0.000045	 -0.764765
0.000072	 -0.000054	 -0.000054	 -0.000054	 -0.756757
0.000088	 -0.000066	 -0.000066	 -0.000066	 -0.748749
0.000107	 -0.000079	 -0.000079	 -0.000079	 -0.740741
0.000130	 -0.000095	 -0.000095	 -0.000095	 -0.732733
0.000158	 -0.000114	 -0.000114	 -0.000114	 -0.724725
0.000191	 -0.000137	 -0.000137	 -0.000137	 -0.716717
0.000231	 -0.000164	 -0.000164	 -0.000164	 -0.708709
0.000279	 -0.000196	 -0.000196	 -0.000196	 -0.700701
0.000336	 -0.000233	 -0.000233	 -0.000233	 -0.692693
0.000404	 -0.000277	 -0.000277	 -0.000277	 -0.684685
0.000485	 -0.000328	 -0.000328	 -0.000328	 -0.676677
0.000580	 -0.000388	 -0.000388	 -0.000388	 -0.668669
0.000693	 -0.000458	 -0.000458	 -0.000458	 -0.660661
0.000826	 -0.000539	 -0.000539	 -0.000539	 -0.652653
0.000982	 -0.000633	 -0.000633	 -0.000633	 -0.644645
0.001165	 -0.000742	 -0.000742	 -0.000742	 -0.636637
0.001379	 -0.000867	 -0.000867	 -0.000867	 -0.628629
0.001629	 -0.001011	 -0.001011	 -0.001011	 -0.620621
0.001921	 -0.001177	 -0.001177	 -0.001177	 -0.612613
0.002260	 -0.001366	 -0.001366	 -0.001366	 -0.604605
0.002653	 -0.001583	 -0.001583	 -0.001583	 -0.596597
0.003107	 -0.001829	 -0.001829	 -0.001829	 -0.588589
0.003632	 -0.002109	 -0.002109	 -0.002109	 -0.580581
0.004237	 -0.002426	 -0.002426	 -0.002426	 -0.572573
0.004931	 -0.002784	 -0.002784	 -0.002784	 -0.564565
0.005727	 -0.003187	 -0.003187	 -0.003187	 -0.556557
0.006637	 -0.003641	 -0.003641	 -0.003641	 -0.548549
0.007675	 -0.004149	 -0.004149	 -0.004149	 -0.540541
0.008857	 -0.004717	 -0.004717	 -0.004717	 -0.532533
0.010199	 -0.005350	 -0.005350	 -0.005350	 -0.524525
0.011720	 -0.006053	 -0.006053	 -0.006053	 -0.516517
0.013438	 -0.006833	 -0.006833	 -0.006833	 -0.508509
0.015375	 -0.007695	 -0.007695	 -0.007695	 -0.500501
0.017554	 -0.008645	 -0.008645	 -0.008645	 -0.492492
0.019999	 -0.009689	 -0.009689	 -0.009689	 -0.484484
0.022735	 -0.010833	 -0.010833	 -0.010833	 -0.476476
0.025791	 -0.012082	 -0.012082	 -0.012082	 -0.468468
0.029196	 -0.013444	 -0.013444	 -0.013444	 -0.460460
0.032979	 -0.014921	 -0.014921	 -0.014921	 -0.452452
0.037173	 -0.016521	 -0.016521	 -0.016521	 -0.444444
0.041810	 -0.018248	 -0.018248	 -0.018248	 -0.436436
0.046926	 -0.020104	 -0.020104	 -0.020104	 -0.428428
0.052555	 -0.022095	 -0.022095	 -0.022095	 -0.420420
0.058734	 -0.024223	 -0.024223	 -0.024223	 -0.412412
0.065499	 -0.026488	 -0.026488	 -0.026488	 -0.404404
0.072888	 -0.028892	 -0.028892	 -0.028892	 -0.396396
0.080936	 -0.031435	 -0.031435	 -0.031435	 -0.388388
0.089682	 -0.034113	 -0.034113	 -0.034113	 -0.380380
0.099160	 -0.036924	 -0.036924	 -0.036924	 -0.372372
0.109406	 -0.039864	 -0.039864	 -0.039864	 -0.364364
0.120453	 -0.042924	 -0.042924	 -0.042924	 -0.356356
0.132332	 -0.046098	 -0.046098	 -0.046098	 -0.348348
0.145072	 -0.049374	 -0.049374	 -0.049374	 -0.340340
0.158699	 -0.052741	 -0.052741	 -0.052741	 -0.332332
0.173235	 -0.056184	 -0.056184	 -0.056184	 -0.324324
0.188699	 -0.059689	 -0.059689	 -0.059689	 -0.316316
0.205105	 -0.063236	 -0.063236	 -0.063236	 -0.308308
0.222461	 -0.066805	 -0.066805	 -0.066805	 -0.300300
0.240770	 -0.070375	 -0.070375	 -0.070375	 -0.292292
0.260030	 -0.073922	 -0.073922	 -0.073922	 -0.284284
0.280230	 -0.077421	 -0.077421	 -0.077421	 -0.276276
0.301356	 -0.080844	 -0.080844	 -0.080844	 -0.268268
0.323381	 -0.084163	 -0.084163	 -0.084163	 -0.260260
0.346276	 -0.087349	 -0.087349	 -0.087349	 -0.252252
0.369999	 -0.090370	 -0.090370	 -0.090370	 -0.244244
0.394504	 -0.093196	 -0.093196	 -0.093196	 -0.236236
0.419733	 -0.095795	 -0.095795	 -0.095795	 -0.228228
0.445623	 -0.098135	 -0.098135	 -0.098135	 -0.220220
0.472099	 -0.100185	 -0.100185	 -0.100185	 -0.212212
0.499080	 -0.101914	 -0.101914	 -0.101914	 -0.204204
0.526476	 -0.103293	 -0.103293	 -0.103293	 -0.196196
0.554191	 -0.104292	 -0.104292	 -0.104292	 -0.188188
0.582118	 -0.104886	 -0.104886	 -0.104886	 -0.180180
0.610148	 -0.105050	 -0.105050	 -0.105050	 -0.172172
0.638161	 -0.104763	 -0.104763	 -0.104763	 -0.164164
0.666035	 -0.104006	 -0.104006	 -0.104006	 -0.156156
0.693643	 -0.102762	 -0.102762	 -0.102762	 -0.148148
0.720852	 -0.101020	 -0.101020	 -0.101020	 -0.140140
0.747529	 -0.098773	 -0.098773	 -0.098773	 -0.132132
0.773538	 -0.096015	 -0.096015	 -0.096015	 -0.124124
0.798743	 -0.092747	 -0.092747	 -0.092747	 -0.116116
0.823008	 -0.088974	 -0.088974	 -0.088974	 -0.108108
0.846199	 -0.084705	 -0.084705	 -0.084705	 -0.100100
0.868186	 -0.079953	 -0.079953	 -0.079953	 -0.092092
0.888842	 -0.074737	 -0.074737	 -0.074737	 -0.084084
0.908047	 -0.069081	 -0.069081	 -0.069081	 -0.076076
0.925685	 -0.063010	 -0.063010	 -0.063010	 -0.068068
0.941651	 -0.056556	 -0.056556	 -0.056556	 -0.060060
0.955847	 -0.049754	 -0.049754	 -0.049754	 -0.052052
0.968186	 -0.042643	 -0.042643	 -0.042643	 -0.044044
0.978589	 -0.035264	 -0.035264	 -0.035264	 -0.036036
0.986992	 -0.027663	 -0.027663	 -0.027663	 -0.028028
0.993342	 -0.019887	 -0.019887	 -0.019887	 -0.020020
0.997598	 -0.011983	 -0.011983	 -0.011983	 -0.012012
0.999733	 -0.004003	 -0.004003	 -0.004003	 -0.004004
0.999733	 0.004003	 0.004003	 0.004003	 0.004004
0.997598	 0.011983	 0.011983	 0.011983	 0.012012
0.993342	 0.019887	 0.019887	 0.019887	 0.020020
0.986992	 0.027663	 0.027663	 0.027663	 0.028028
0.978589	 0.035264	 0.035264	 0.035264	 0.036036
0.968186	 0.042643	 0.042643	 0.042643	 0.044044
0.955847	 0.049754	 0.049754	 0.049754	 0.052052
0.941651	 0.056556	 0.056556	 0.056556	 0.060060
0.925685	 0.063010	 0.063010	 0.063010	 0.068068
0.908047	 0.069081	 0.069081	 0.069081	 0.076076
0.888842	 0.074737	 0.074737	 0.074737	 0.084084
0.868186	 0.079953	 0.079953	 0.079953	 0.092092
0.846199	 0.084705	 0.084705	 0.084705	 0.100100
0.823008	 0.088974	 0.088974	 0.088974	 0.108108
0.798743	 0.092747	 0.092747	 0.092747	 0.116116
0.773538	 0.096015	 0.096015	 0.096015	 0.124124
0.747529	 0.098773	 0.098773	 0.098773	 0.132132
0.720852	 0.101020	 0.101020	 0.101020	 0.140140
0.693643	 0.102762	 0.102762	 0.102762	 0.148148
0.666035	 0.104006	 0.104006	 0.104006	 0.156156
0.638161	 0.104763	 0.104763	 0.104763	 0.164164
0.610148	 0.105050	 0.105050	 0.105050	 0.172172
0.582118	 0.104886	 0.104886	 0.104886	 0.180180
0.554191	 0.104292	 0.104292	 0.104292	 0.188188
0.526476	 0.103293	 0.103293	 0.103293	 0.196196
0.499080	 0.101914	 0.101914	 0.101914	 0.204204
0.472099	 0.100185	 0.100185	 0.100185	 0.212212
0.445623	 0.098135	 0.098135	 0.098135	 0.220220
0.419733	 0.095795	 0.095795	 0.095795	 0.228228
0.394504	 0.093196	 0.093196	 0.093196	 0.236236
0.369999	 0.090370	 0.090370	 0.090370	 0.244244
0.346276	 0.087349	 0.087349	 0.087349	 0.252252
0.323381	 0.084163	 0.084163	 0.084163	 0.260260
0.301356	 0.080844	 0.080844	 0.080844	 0.268268
0.280230	 0.077421	 0.077421	 0.077421	 0.276276
0.260030	 0.073922	 0.073922	 0.073922	 0.284284
0.240770	 0.070375	 0.070375	 0.070375	 0.292292
0.222461	 0.066805	 0.066805	 0.066805	 0.300300
0.205105	 0.063236	 0.063236	 0.063236	 0.308308
0.188699	 0.059689	 0.059689	 0.059689	 0.316316
0.173235	 0.056184	 0.056184	 0.056184	 0.324324
0.158699	 0.052741	 0.052741	 0.052741	 0.332332
0.145072	 0.049374	 0.049374	 0.049374	 0.340340
0.132332	 0.046098	 0.046098	 0.046098	 0.348348
0.120453	 0.042924	 0.042924	 0.042924	 0.356356
0.109406	 0.039864	 0.039864	 0.039864	 0.364364
0.099160	 0.036924	 0.036924	 0.036924	 0.372372
0.089682	 0.034113	 0.034113	 0.034113	 0.380380
0.080936	 0.031435	 0.031435	 0.031435	 0.388388
0.072888	 0.028892	 0.028892	 0.028892	 0.396396
0.065499	 0.026488	 0.026488	 0.026488	 0.404404
0.058734	 0.024223	 0.024223	 0.024223	 0.412412
0.052555	 0.022095	 0.022095	 0.022095	 0.420420
0.046926	 0.020104	 0.020104	 0.020104	 0.428428
0.041810	 0.018248	 0.018248	 0.018248	 0.436436
0.037173	 0.016521	 0.016521	 0.016521	 0.444444
0.032979	 0.014921	 0.014921	 0.014921	 0.452452
0.029196	 0.013444	 0.013444	 0.013444	 0.460460
0.025791	 0.012082	 0.012082	 0.012082	 0.468468
0.022735	 0.010833	 0.010833	 0.010833	 0.476476
0.019999	 0.009689	 0.009689	 0.009689	 0.484484
0.017554	 0.008645	 0.008645	 0.008645	 0.492492
0.015375	 0.007695	 0.007695	 0.007695	 0.500501
0.013438	 0.006833	 0.006833	 0.006833	 0.508509
0.011720	 0.006053	 0.006053	 0.006053	 0.516517
0.010199	 0.005350	 0.005350	 0.005350	 0.524525
0.008857	 0.004717	 0.004717	 0.004717	 0.532533
0.007675	 0.004149	 0.004149	 0.004149	 0.540541
0.006637	 0.003641	 0.003641	 0.003641	 0.548549
0.005727	 0.003187	 0.003187	 0.003187	 0.556557
0.004931	 0.002784	 0.002784	 0.002784	 0.564565
0.004237	 0.002426	 0.002426	 0.002426	 0.572573
0.003632	 0.002109	 0.002109	 0.002109	 0.580581
0.003107	 0.001829	 0.001829	 0.001829	 0.588589
0.002653	 0.001583	 0.001583	 0.001583	 0.596597
0.002260	 0.001366	 0.001366	 0.001366	 0.604605
0.001921	 0.001177	 0.001177	 0.001177	 0.612613
0.001629	 0.001011	 0.001011	 0.001011	 0.620621
0.001379	 0.000867	 0.000867	 0.000867	 0.628629
0.001165	 0.000742	 0.000742	 0.000742	 0.636637
0.000982	 0.000633	 0.000633	 0.000633	 0.644645
0.000826	 0.000539	 0.000539	 0.000539	 0.652653
0.000693	 0.000458	 0.000458	 0.000458	 0.660661
0.000580	 0.000388	 0.000388	 0.000388	 0.668669
0.000485	 0.000328	 0.000328	 0.000328	 0.676677
0.000404	 0.000277	 0.000277	 0.000277	 0.684685
0.000336	 0.000233	 0.000233	 0.000233	 0.692693
0.000279	 0.000196	 0.000196	 0.000196	 0.700701
0.000231	 0.000164	 0.000164	 0.000164	 0.708709
0.000191	 0.000137	 0.000137	 0.000137	 0.716717
0.000158	 0.000114	 0.000114	 0.000114	 0.724725
0.000130	 0.000095	 0.000095	 0.000095	 0.732733
0.000107	 0.000079	 0.000079	 0.000079	 0.740741
0.000088	 0.000066	 0.000066	 0.000066	 0.748749
0.000072	 0.000054	 0.000054	 0.000054	 0.756757
0.000058	 0.000045	 0.000045	 0.000045	 0.764765
0.000048	 0.000037	 0.000037	 0.000037	 0.772773
0.000039	 0.000030	 0.000030	 0.000030	 0.780781
0.000031	 0.000025	 0.000025	 0.000025	 0.788789
0.000025	 0.000020	 0.000020	 0.000020	 0.796797
0.000020	 0.000016	 0.000016	 0.000016	 0.804805
0.000017	 0.000013	 0.000013	 0.000013	 0.812813
0.000013	 0.000011	 0.000011	 0.000011	 0.820821
0.000011	 0.000009	 0.000009	 0.000009	 0.828829
0.000009	 0.000007	 0.000007	 0.000007	 0.836837
0.000007	 0.000006	 0.000006	 0.000006	 0.844845
0.000005	 0.000005	 0.000005	 0.000005	 0.852853
0.000004	 0.000004	 0.000004	 0.000004	 0.860861
0.000003	 0.000003	 0.000003	 0.000003	 0.868869
0.000003	 0.000002	 0.000002	 0.000002	 0.876877
0.000002	 0.000002	 0.000002	 0.000002	 0.884885
0.000002	 0.000002	 0.000002	 0.000002	 0.892893
0.000001	 0.000001	 0.000001	 0.000001	 0.900901
0.000001	 0.000001	 0.000001	 0.000001	 0.908909
0.000001	 0.000001	 0.000001	 0.000001	 0.916917
0.000001	 0.000001	 0.000001	 0.000001	 0.924925
0.000001	 0.000000	 0.000000	 0.000000	 0.932933
0.000000	 0.000000	 0.000000	 0.000000	 0.940941
0.000000	 0.000000	 0.000000	 0.000000	 0.948949
0.000000	 0.000000	 0.000000	 0.000000	 0.956957
0.000000	 0.000000	 0.000000	 0.000000	 0.964965
0.000000	 0.000000	 0.000000	 0.000000	 0.972973
0.000000	 0.000000	 0.000000	 0.000000	 0.980981
0.000000	 0.000000	 0.000000	 0.000000	 0.988989
0.000000	 0.000000	 0.000000	 0.000000	 0.996997
0.000000	 0.000000	 0.000000	 0.000000	 1.005005
0.000000	 0.000000	 0.000000	 0.000000	 1.013013
0.000000	 0.000000	 0.000000	 0.000000	 1.021021
0.000000	 0.000000	 0.000000	 0.000000	 1.029029
0.000000	 0.000000	 0.000000	 0.000000	 1.037037
0.000000	 0.000000	 0.000000	 0.000000	 1.045045
0.000000	 0.000000	 0.000000	 0.000000	 1.053053
0.000000	 0.000000	 0.000000	 0.000000	 1.061061
0.000000	 0.000000	 0.000000	 0.000000	 1.069069
0.000000	 0.000000	 0.000000	 0.000000	 1.077077
0.000000	 0.000000	 0.000000	 0.000000	 1.085085
0.000000	 0.000000	 0.000000	 0.000000	 1.093093
0.000000	 0.000000	 0.000000	 0.000000	 1.101101
0.000000	 0.000000	 0.000000	 0.000000	 1.109109
0.000000	 0.000000	 0.000000	 0.000000	 1.117117
0.000000	 0.000000	 0.000000	 0.000000	 1.125125
0.000000	 0.000000	 0.000000	 0.000000	 1.133133
0.000000	 0.000000	 0.000000	 0.000000	 1.141141
0.000000	 0.000000	 0.000000	 0.000000	 1.149149
0.000000	 0.000000	 0.000000	 0.000000	 1.157157
0.000000	 0.000000	 0.000000	 0.000000	 1.165165
0.000000	 0.000000	 0.000000	 0.000000	 1.173173
0.000000	 0.000000	 0.000000	 0.000000	 1.181181
0.000000	 0.000000	 0.000000	 0.000000	 1.189189
0.000000	 0.000000	 0.000000	 0.000000	 1.197197
0.000000	 0.000000	 0.000000	 0.000000	 1.205205
0.000000	 0.000000	 0.000000	 0.000000	 1.213213
0.000000	 0.000000	 0.000000	 0.000000	 1.221221
0.000000	 0.000000	 0.000000	 0.000000	 1.229229
0.000000	 0.000000	 0.000000	 0.000000	 1.237237
0.000000	 0.000000	 0.000000	 0.000000	 1.245245
0.000000	 0.000000	 0.000000	 0.000000	 1.253253
0.000000	 0.000000	 0.000000	 0.000000	 1.261261
0.000000	 0.000000	 0.000000	 0.000000	 1.269269
0.000000	 0.000000	 0.000000	 0.000000	 1.277277
0.000000	 0.000000	 0.000000	 0.000000	 1.285285
0.000000	 0.000000	 0.000000	 0.000000	 1.293293
0.000000	 0.000000	 0.000000	 0.000000	 1.301301
0.000000	 0.000000	 0.000000	 0.000000	 1.309309
0.000000	 0.000000	 0.000000	 0.000000	 1.317317
0.000000	 0.000000	 0.000000	 0.000000	 1.325325
0.000000	 0.000000	 0.000000	 0.000000	 1.333333
0.000000	 0.000000	 0.000000	 0.000000	 1.341341
0.000000	 0.000000	 0.000000	 0.000000	 1.349349
0.000000	 0.000000	 0.000000	 0.000000	 1.357357
0.000000	 0.000000	 0.000000	 0.000000	 1.365365
0.000000	 0.000000	 0.000000	 0.000000	 1.373373
0.000000	 0.000000	 0.000000	 0.000000	 1.381381
0.000000	 0.000000	 0.000000	 0.000000	 1.389389
0.000000	 0.000000	 0.000000	 0.000000	 1.397397
0.000000	 0.000000	 0.000000	 0.000000	 1.405405
0.000000	 0.000000	 0.000000	 0.000000	 1.413413
0.000000	 0.000000	 0.000000	 0.000000	 1.421421
0.000000	 0.000000	 0.000000	 0.000000	 1.429429
0.000000	 0.000000	 0.000000	 0.000000	 1.437437
0.000000	 0.000000	 0.000000	 0.000000	 1.445445
0.000000	 0.000000	 0.000000	 0.000000	 1.453453
0.000000	 0.000000	 0.000000	 0.000000	 1.461461
0.000000	 0.000000	 0.000000	 0.000000	 1.469469
0.000000	 0.000000	 0.000000	 0.000000	 1.477477
0.000000	 0.000000	 0.000000	 0.000000	 1.485485
0.000000	 0.000000	 0.000000	 0.000000	 1.493493
0.000000	 0.000000	 0.000000	 0.000000	 1.501502
0.000000	 0.000000	 0.000000	 0.000000	 1.509510
0.000000	 0.000000	 0.000000	 0.000000	 1.517518
0.000000	 0.000000	 0.000000	 0.000000	 1.525526
0.000000	 0.000000	 0.000000	 0.000000	 1.533534
0.000000	 0.000000	 0.000000	 0.000000	 1.541542
0.000000	 0.000000	 0.000000	 0.000000	 1.549550
0.000000	 0.000000	 0.000000	 0.000000	 1.557558
0.000000	 0.000000	 0.000000	 0.000000	 1.565566
0.000000	 0.000000	 0.000000	 0.000000	 1.573574
0.000000	 0.000000	 0.000000	 0.000000	 1.581582
0.000000	 0.000000	 0.000000	 0.000000	 1.589590
0.000000	 0.000000	 0.000000	 0.000000	 1.597598
0.000000	 0.000000	 0.000000	 0.000000	 1.605606
0.000000	 0.000000	 0.000000	 0.000000	 1.613614
0.000000	 0.000000	 0.000000	 0.000000	 1.621622
0.000000	 0.000000	 0.000000	 0.000000	 1.629630
0.000000	 0.000000	 0.000000	 0.000000	 1.637638
0.000000	 0.000000	 0.000000	 0.000000	 1.645646
0.000000	 0.000000	 0.000000	 0.000000	 1.653654
0.000000	 0.000000	 0.000000	 0.000000	 1.661662
0.000000	 0.000000	 0.000000	 0.000000	 1.669670
0.000000	 0.000000	 0.000000	 0.000000	 1.677678
0.000000	 0.000000	 0.000000	 0.000000	 1.685686
0.000000	 0.000000	 0.000000	 0.000000	 1.693694
0.000000	 0.000000	 0.000000	 0.000000	 1.701702
0.000000	 0.000000	 0.000000	 0.000000	 1.709710
0.000000	 0.000000	 0.000000	 0.000000	 1.717718
0.000000	 0.000000	 0.000000	 0.000000	 1.725726
0.000000	 0.000000	 0.000000	 0.000000	 1.733734
0.000000	 0.000000	 0.000000	 0.000000	 1.741742
0.000000	 0.000000	 0.000000	 0.000000	 1.749750
0.000000	 0.000000	 0.000000	 0.000000	 1.757758
0.000000	 0.000000	 0.000000	 0.000000	 1.765766
0.000000	 0.000000	 0.000000	 0.000000	 1.773774
0.000000	 0.000000	 0.000000	 0.000000	 1.781782
0.000000	 0.000000	 0.000000	 0.000000	 1.789790
0.000000	 0.000000	 0.000000	 0.000000	 1.797798
0.000000	 0.000000	 0.000000	 0.000000	 1.805806
0.000000	 0.000000	 0.000000	 0.000000	 1.813814
0.000000	 0.000000	 0.000000	 0.000000	 1.821822
0.000000	 0.000000	 0.000000	 0.000000	 1.829830
0.000000	 0.000000	 0.000000	 0.000000	 1.837838
0.000000	 0.000000	 0.000000	 0.000000	 1.845846
0.000000	 0.000000	 0.000000	 0.000000	 1.853854
0.000000	 0.000000	 0.000000	 0.000000	 1.861862
0.000000	 0.000000	 0.000000	 0.000000	 1.869870
0.000000	 0.000000	 0.000000	 0.000000	 1.877878
0.000000	 0.000000	 0.000000	 0.000000	 1.885886
0.000000	 0.000000	 0.000000	 0.000000	 1.893894
0.000000	 0.000000	 0.000000	 0.000000	 1.901902
0.000000	 0.000000	 0.000000	 0.000000	 1.909910
0.000000	 0.000000	 0.000000	 0.000000	 1.917918
0.000000	 0.000000	 0.000000	 0.000000	 1.925926
0.000000	 0.000000	 0.000000	 0.000000	 1.933934
0.000000	 0.000000	 0.000000	 0.000000	 1.941942
0.000000	 0.000000	 0.000000	 0.000000	 1.949950
0.000000	 0.000000	 0.000000	 0.000000	 1.957958
0.000000	 0.000000	 0.000000	 0.000000	 1.965966
0.000000	 0.000000	 0.000000	 0.000000	 1.973974
0.000000	 0.000000	 0.000000	 0.000000	 1.981982
0.000000	 0.000000	 0.000000	 0.000000	 1.989990
0.000000	 0.000000	 0.000000	 0.000000	 1.997998
0.000000	 0.000000	 0.000000	 0.000000	 2.006006
0.000000	 0.000000	 0.000000	 0.000000	 2.014014
0.000000	 0.000000	 0.000000	 0.000000	 2.022022
0.000000	 0.000000	 0.000000	 0.000000	 2.030030
0.000000	 0.000000	 0.000000	 0.000000	 2.038038
0.000000	 0.000000	 0.000000	 0.000000	 2.046046
0.000000	 0.000000	 0.000000	 0.000000	 2.054054
0.000000	 0.000000	 0.000000	 0.000000	 2.062062
0.000000	 0.000000	 0.000000	 0.000000	 2.070070
0.000000	 0.000000	 0.000000	 0.000000	 2.078078
0.000000	 0.000000	 0.000000	 0.000000	 2.086086
0.000000	 0.000000	 0.000000	 0.000000	 2.094094
0.000000	 0.000000	 0.000000	 0.000000	 2.102102
0.000000	 0.000000	 0.000000	 0.000000	 2.110110
0.000000	 0.000000	 0.000000	 0.000000	 2.118118
0.000000	 0.000000	 0.000000	 0.000000	 2.126126
0.000000	 0.000000	 0.000000	 0.000000	 2.134134
0.000000	 0.000000	 0.000000	 0.000000	 2.142142
0.000000	 0.000000	 0.000000	 0.000000	 2.150150
0.000000	 0.000000	 0.000000	 0.000000	 2.158158
0.000000	 0.000000	 0.000000	 0.000000	 2.166166
0.000000	 0.000000	 0.000000	 0.000000	 2.174174
0.000000	 0.000000	 0.000000	 0.000000	 2.182182
0.000000	 0.000000	 0.000000	 0.000000	 2.190190
0.000000	 0.000000	 0.000000	 0.000000	 2.198198
0.000000	 0.000000	 0.000000	 0.000000	 2.206206
0.000000	 0.000000	 0.000000	 0.000000	 2.214214
0.000000	 0.000000	 0.000000	 0.000000	 2.222222
0.000000	 0.000000	 0.000000	 0.000000	 2.230230
0.000000	 0.000000	 0.000000	 0.000000	 2.238238
0.000000	 0.000000	 0.000000	 0.000000	 2.246246
0.000000	 0.000000	 0.000000	 0.000000	 2.254254
0.000000	 0.000000	 0.000000	 0.000000	 2.262262
0.000000	 0.000000	 0.000000	 0.000000	 2.270270
0.000000	 0.000000	 0.000000	 0.000000	 2.278278
0.000000	 0.000000	 0.000000	 0.000000	 2.286286
0.000000	 0.000000	 0.000000	 0.000000	 2.294294
0.000000	 0.000000	 0.000000	 0.000000	 2.302302
0.000000	 0.000000	 0.000000	 0.000000	 2.310310
0.000000	 0.000000	 0.000000	 0.000000	 2.318318
0.000000	 0.000000	 0.000000	 0.000000	 2.326326
0.000000	 0.000000	 0.000000	 0.000000	 2.334334
0.000000	 0.000000	 0.000000	 0.000000	 2.342342
0.000000	 0.000000	 0.000000	 0.000000	 2.350350
0.000000	 0.000000	 0.000000	 0.000000	 2.358358
0.000000	 0.000000	 0.000000	 0.000000	 2.366366
0.000000	 0.000000	 0.000000	 0.000000	 2.374374
0.000000	 0.000000	 0.000000	 0.000000	 2.382382
0.000000	 0.000000	 0.000000	 0.000000	 2.390390
0.000000	 0.000000	 0.000000	 0.000000	 2.398398
0.000000	 0.000000	 0.000000	 0.000000	 2.406406
0.000000	 0.000000	 0.000000	 0.000000	 2.414414
0.000000	 0.000000	 0.000000	 0.000000	 2.422422
0.000000	 0.000000	 0.000000	 0.000000	 2.430430
0.000000	 0.000000	 0.000000	 0.000000	 2.438438
0.000000	 0.000000	 0.000000	 0.000000	 2.446446
0.000000	 0.000000	 0.000000	 0.000000	 2.454454
0.000000	 0.000000	 0.000000	 0.000000	 2.462462
0.000000	 0.000000	 0.000000	 0.000000	 2.470470
0.000000	 0.000000	 0.000000	 0.000000	 2.478478
0.000000	 0.000000	 0.000000	 0.000000	 2.486486
0.000000	 0.000000	 0.000000	 0.000000	 2.494494
0.000000	 0.000000	 0.000000	 0.000000	 2.502503
0.000000	 0.000000	 0.000000	 0.000000	 2.510511
0.000000	 0.000000	 0.000000	 0.000000	 2.518519
0.000000	 0.000000	 0.000000	 0.000000	 2.526527
0.000000	 0.000000	 0.000000	 0.000000	 2.534535
0.000000	 0.000000	 0.000000	 0.000000	 2.542543
0.000000	 0.000000	 0.000000	 0.000000	 2.550551
0.000000	 0.000000	 0.000000	 0.000000	 2.558559
0.000000	 0.000000	 0.000000	 0.000000	 2.566567
0.000000	 0.000000	 0.000000	 0.000000	 2.574575
0.000000	 0.000000	 0.000000	 0.000000	 2.582583
0.000000	 0.000000	 0.000000	 0.000000	 2.590591
0.000000	 0.000000	 0.000000	 0.000000	 2.598599
0.000000	 0.000000	 0.000000	 0.000000	 2.606607
0.000000	 0.000000	 0.000000	 0.000000	 2.614615
0.000000	 0.000000	 0.000000	 0.000000	 2.622623
0.000000	 0.000000	 0.000000	 0.000000	 2.630631
0.000000	 0.000000	 0.000000	 0.000000	 2.638639
0.000000	 0.000000	 0.000000	 0.000000	 2.646647
0.000000	 0.000000	 0.000000	 0.000000	 2.654655
0.000000	 0.000000	 0.000000	 0.000000	 2.662663
0.000000	 0.000000	 0.000000	 0.000000	 2.670671
0.000000	 0.000000	 0.000000	 0.000000	 2.678679
0.000000	 0.000000	 0.000000	 0.000000	 2.686687
0.000000	 0.000000	 0.000000	 0.000000	 2.694695
0.000000	 0.000000	 0.000000	 0.000000	 2.702703
0.000000	 0.000000	 0.000000	 0.000000	 2.710711
0.000000	 0.000000	 0.000000	 0.000000	 2.718719
0.000000	 0.000000	 0.000000	 0.000000	 2.726727
0.000000	 0.000000	 0.000000	 0.000000	 2.734735
0.000000	 0.000000	 0.000000	 0.000000	 2.742743
0.000000	 0.000000	 0.000000	 0.000000	 2.750751
0.000000	 0.000000	 0.000000	 0.000000	 2.758759
0.000000	 0.000000	 0.000000	 0.000000	 2.766767
0.000000	 0.000000	 0.000000	 0.000000	 2.774775
0.000000	 0.000000	 0.000000	 0.000000	 2.782783
0.000000	 0.000000	 0.000000	 0.000000	 2.790791
0.000000	 0.000000	 0.000000	 0.000000	 2.798799
0.000000	 0.000000	 0.000000	 0.000000	 2.806807
0.000000	 0.000000	 0.000000	 0.000000	 2.814815
0.000000	 0.000000	 0.000000	 0.000000	 2.822823
0.000000	 0.000000	 0.000000	 0.000000	 2.830831
0.000000	 0.000000	 0.000000	 0.000000	 2.838839
0.000000	 0.000000	 0.000000	 0.000000	 2.846847
0.000000	 0.000000	 0.000000	 0.000000	 2.854855
0.000000	 0.000000	 0.000000	 0.000000	 2.862863
0.000000	 0.000000	 0.000000	 0.000000	 2.870871
0.000000	 0.000000	 0.000000	 0.000000	 2.878879
0.000000	 0.000000	 0.000000	 0.000000	 2.886887
0.000000	 0.000000	 0.000000	 0.000000	 2.894895
0.000000	 0.000000	 0.000000	 0.000000	 2.902903
0.000000	 0.000000	 0.000000	 0.000000	 2.910911
0.000000	 0.000000	 0.000000	 0.000000	 2.918919
0.000000	 0.000000	 0.000000	 0.000000	 2.926927
0.000000	 0.000000	 0.000000	 0.000000	 2.934935
0.000000	 0.000000	 0.000000	 0.000000	 2.942943
0.000000	 0.000000	 0.000000	 0.000000	 2.950951
0.000000	 0.000000	 0.000000	 0.000000	 2.958959
0.000000	 0.000000	 0.000000	 0.000000	 2.966967
0.000000	 0.000000	 0.000000	 0.000000	 2.974975
0.000000	 0.000000	 0.000000	 0.000000	 2.982983
0.000000	 0.000000	 0.000000	 0.000000	 2.990991
0.000000	 0.000000	 0.000000	 0.000000	 2.998999
0.000000	 0.000000	 0.000000	 0.000000	 3.007007
0.000000	 0.000000	 0.000000	 0.000000	 3.015015
0.000000	 0.000000	 0.000000	 0.000000	 3.023023
0.000000	 0.000000	 0.000000	 0.000000	 3.031031
0.000000	 0.000000	 0.000000	 0.000000	 3.039039
0.000000	 0.000000	 0.000000	 0.000000	 3.047047
0.000000	 0.000000	 0.000000	 0.000000	 3.055055
0.000000	 0.000000	 0.000000	 0.000000	 3.063063
0.000000	 0.000000	 0.000000	 0.000000	 3.071071
0.000000	 0.000000	 0.000000	 0.000000	 3.079079
0.000000	 0.000000	 0.000000	 0.000000	 3.087087
0.000000	 0.000000	 0.000000	 0.000000	 3.095095
0.000000	 0.000000	 0.000000	 0.000000	 3.103103
0.000000	 0.000000	 0.000000	 0.000000	 3.111111
0.000000	 0.000000	 0.000000	 0.000000	 3.119119
0.000000	 0.000000	 0.000000	 0.000000	 3.127127
0.000000	 0.000000	 0.000000	 0.000000	 3.135135
0.000000	 0.000000	 0.000000	 0.000000	 3.143143
0.000000	 0.000000	 0.000000	 0.000000	 3.151151
0.000000	 0.000000	 0.000000	 0.000000	 3.159159
0.000000	 0.000000	 0.000000	 0.000000	 3.167167
0.000000	 0.000000	 0.000000	 0.000000	 3.175175
0.000000	 0.000000	 0.000000	 0.000000	 3.183183
0.000000	 0.000000	 0.000000	 0.000000	 3.191191
0.000000	 0.000000	 0.000000	 0.000000	 3.199199
0.000000	 0.000000	 0.000000	 0.000000	 3.207207
0.000000	 0.000000	 0.000000	 0.000000	 3.215215
0.000000	 0.000000	 0.000000	 0.000000	 3.223223
0.000000	 0.000000	 0.000000	 0.000000	 3.231231
0.000000	 0.000000	 0.000000	 0.000000	 3.239239
0.000000	 0.000000	 0.000000	 0.000000	 3.247247
0.000000	 0.000000	 0.000000	 0.000000	 3.255255
0.000000	 0.000000	 0.000000	 0.000000	 3.263263
0.000000	 0.000000	 0.000000	 0.000000	 3.271271
0.000000	 0.000000	 0.000000	 0.000000	 3.279279
0.000000	 0.000000	 0.000000	 0.000000	 3.287287
0.000000	 0.000000	 0.000000	 0.000000	 3.295295
0.000000	 0.000000	 0.000000	 0.000000	 3.303303
0.000000	 0.000000	 0.000000	 0.000000	 3.311311
0.000000	 0.000000	 0.000000	 0.000000	 3.319319
0.000000	 0.000000	 0.000000	 0.000000	 3.327327
0.000000	 0.000000	 0.000000	 0.000000	 3.335335
0.000000	 0.000000	 0.000000	 0.000000	 3.343343
0.000000	 0.000000	 0.000000	 0.000000	 3.351351
0.000000	 0.000000	 0.000000	 0.000000	 3.359359
0.000000	 0.000000	 0.000000	 0.000000	 3.367367
0.000000	 0.000000	 0.000000	 0.000000	 3.375375
0.000000	 0.000000	 0.000000	 0.000000	 3.383383
0.000000	 0.000000	 0.000000	 0.000000	 3.391391
0.000000	 0.000000	 0.000000	 0.000000	 3.399399
0.000000	 0.000000	 0.000000	 0.000000	 3.407407
0.000000	 0.000000	 0.000000	 0.000000	 3.415415
0.000000	 0.000000	 0.000000	 0.000000	 3.423423
0.000000	 0.000000	 0.000000	 0.000000	 3.431431
0.000000	 0.000000	 0.000000	 0.000000	 3.439439
0.000000	 0.000000	 0.000000	 0.000000	 3.447447
0.000000	 0.000000	 0.000000	 0.000000	 3.455455
0.000000	 0.000000	 0.000000	 0.000000	 3.463463
0.000000	 0.000000	 0.000000	 0.000000	 3.471471
0.000000	 0.000000	 0.000000	 0.000000	 3.479479
0.000000	 0.000000	 0.000000	 0.000000	 3.487487
0.000000	 0.000000	 0.000000	 0.000000	 3.495495
0.000000	 0.000000	 0.000000	 0.000000	 3.503504
0.000000	 0.000000	 0.000000	 0.000000	 3.511512
0.000000	 0.000000	 0.000000	 0.000000	 3.519520
0.000000	 0.000000	 0.000000	 0.000000	 3.527528
0.000000	 0.000000	 0.000000	 0.000000	 3.535536
0.000000	 0.000000	 0.000000	 0.000000	 3.543544
0.000000	 0.000000	 0.000000	 0.000000	 3.551552
0.000000	 0.000000	 0.000000	 0.000000	 3.559560
0.000000	 0.000000	 0.000000	 0.000000	 3.567568
0.000000	 0.000000	 0.000000	 0.000000	 3.575576
0.000000	 0.000000	 0.000000	 0.000000	 3.583584
0.000000	 0.000000	 0.000000	 0.000000	 3.591592
0.000000	 0.000000	 0.000000	 0.000000	 3.599600
0.000000	 0.000000	 0.000000	 0.000000	 3.607608
0.000000	 0.000000	 0.000000	 0.000000	 3.615616
0.000000	 0.000000	 0.000000	 0.000000	 3.623624
0.000000	 0.000000	 0.000000	 0.000000	 3.631632
0.000000	 0.000000	 0.000000	 0.000000	 3.639640
0.000000	 0.000000	 0.000000	 0.000000	 3.647648
0.000000	 0.000000	 0.000000	 0.000000	 3.655656
0.000000	 0.000000	 0.000000	 0.000000	 3.663664
0.000000	 0.000000	 0.000000	 0.000000	 3.671672
0.000000	 0.000000	 0.000000	 0.000000	 3.679680
0.000000	 0.000000	 0.000000	 0.000000	 3.687688
0.000000	 0.000000	 0.000000	 0.000000	 3.695696
0.000000	 0.000000	 0.000000	 0.000000	 3.703704
0.000000	 0.000000	 0.000000	 0.000000	 3.711712
0.000000	 0.000000	 0.000000	 0.000000	 3.719720
0.000000	 0.000000	 0.000000	 0.000000	 3.727728
0.000000	 0.000000	 0.000000	 0.000000	 3.735736
0.000000	 0.000000	 0.000000	 0.000000	 3.743744
0.000000	 0.000000	 0.000000	 0.000000	 3.751752
0.000000	 0.000000	 0.000000	 0.000000	 3.759760
0.000000	 0.000000	 0.000000	 0.000000	 3.767768
0.000000	 0.000000	 0.000000	 0.000000	 3.775776
0.000000	 0.000000	 0.000000	 0.000000	 3.783784
0.000000	 0.000000	 0.000000	 0.000000	 3.791792
0.000000	 0.000000	 0.000000	 0.000000	 3.799800
0.000000	 0.000000	 0.000000	 0.000000	 3.807808
0.000000	 0.000000	 0.000000	 0.000000	 3.815816
0.000000	 0.000000	 0.000000	 0.000000	 3.823824
0.000000	 0.000000	 0.000000	 0.000000	 3.831832
0.000000	 0.000000	 0.000000	 0.000000	 3.839840
0.000000	 0.000000	 0.000000	 0.000000	 3.847848
0.000000	 0.000000	 0.000000	 0.000000	 3.855856
0.000000	 0.000000	 0.000000	 0.000000	 3.863864
0.000000	 0.000000	 0.000000	 0.000000	 3.871872
0.000000	 0.000000	 0.000000	 0.000000	 3.879880
0.000000	 0.000000	 0.000000	 0.000000	 3.887888
0.000000	 0.000000	 0.000000	 0.000000	 3.895896
0.000000	 0.000000	 0.000000	 0.000000	 3.903904
0.000000	 0.000000	 0.000000	 0.000000	 3.911912
0.000000	 0.000000	 0.000000	 0.000000	 3.919920
0.000000	 0.000000	 0.000000	 0.000000	 3.927928
0.000000	 0.000000	 0.000000	 0.000000	 3.935936
0.000000	 0.000000	 0.000000	 0.000000	 3.943944
0.000000	 0.000000	 0.000000	 0.000000	 3.951952
0.000000	 0.000000	 0.000000	 0.000000	 3.959960
0.000000	 0.000000	 0.000000	 0.000000	 3.967968
0.000000	 0.000000	 0.000000	 0.000000	 3.975976
0.000000	 0.000000	 0.000000	 0.000000	 3.983984
0.000000	 0.000000	 0.000000	 0.000000	 3.991992
0.000000	 0.000000	 0.000000	 0.000000	 4.000000
