0.000000	-1.526718
0.009595	-1.526717
0.019189	-1.526715
0.028784	-1.526711
0.038379	-1.526705
0.047974	-1.526699
0.057568	-1.526690
0.067163	-1.526680
0.076758	-1.526669
0.086353	-1.526656
0.095947	-1.526642
0.105542	-1.526626
0.115137	-1.526608
0.124731	-1.526589
0.134326	-1.526569
0.143921	-1.526547
0.153516	-1.526523
0.163110	-1.526498
0.172705	-1.526472
0.182300	-1.526444
0.191895	-1.526414
0.201489	-1.526383
0.211084	-1.526351
0.220679	-1.526316
0.230273	-1.526281
0.239868	-1.526244
0.249463	-1.526205
0.259058	-1.526165
0.268652	-1.526123
0.278247	-1.526080
0.287842	-1.526035
0.297437	-1.525989
0.307031	-1.525941
0.316626	-1.525892
0.326221	-1.525841
0.335815	-1.525789
0.345410	-1.525735
0.355005	-1.525679
0.364600	-1.525623
0.374194	-1.525564
0.383789	-1.525504
0.393384	-1.525443
0.402979	-1.525380
0.412573	-1.525315
0.422168	-1.525249
0.431763	-1.525182
0.441357	-1.525113
0.450952	-1.525042
0.460547	-1.524970
0.470142	-1.524897
0.479736	-1.524822
0.489331	-1.524745
0.498926	-1.524667
0.508521	-1.524587
0.518115	-1.524506
0.527710	-1.524424
0.537305	-1.524339
0.546899	-1.524254
0.556494	-1.524167
0.566089	-1.524078
0.575684	-1.523988
0.585278	-1.523896
0.594873	-1.523803
0.604468	-1.523708
0.614063	-1.523611
0.623657	-1.523514
0.633252	-1.523414
0.642847	-1.523313
0.652441	-1.523211
0.662036	-1.523107
0.671631	-1.523002
0.681226	-1.522895
0.690820	-1.522786
0.700415	-1.522676
0.710010	-1.522565
0.719604	-1.522452
0.729199	-1.522337
0.738794	-1.522221
0.748389	-1.522104
0.757983	-1.521985
0.767578	-1.521864
0.777173	-1.521742
0.786768	-1.521619
0.796362	-1.521493
0.805957	-1.521367
0.815552	-1.521239
0.825146	-1.521109
0.834741	-1.520978
0.844336	-1.520845
0.853931	-1.520711
0.863525	-1.520575
0.873120	-1.520438
0.882715	-1.520299
0.892310	-1.520159
0.901904	-1.520017
0.911499	-1.519874
0.921094	-1.519729
0.930688	-1.519582
0.940283	-1.519435
0.949878	-1.519285
0.959473	-1.519134
0.969067	-1.518982
0.978662	-1.518828
0.988257	-1.518672
0.997852	-1.518515
1.007446	-1.518357
1.017041	-1.518197
1.026636	-1.518035
1.036230	-1.517872
1.045825	-1.517708
1.055420	-1.517542
1.065015	-1.517374
1.074609	-1.517205
1.084204	-1.517034
1.093799	-1.516862
1.103394	-1.516689
1.112988	-1.516513
1.122583	-1.516337
1.132178	-1.516159
1.141772	-1.515979
1.151367	-1.515798
1.160962	-1.515615
1.170557	-1.515431
1.180151	-1.515245
1.189746	-1.515057
1.199341	-1.514869
1.208936	-1.514678
1.218530	-1.514486
1.228125	-1.514293
1.237720	-1.514098
1.247314	-1.513902
1.256909	-1.513704
1.266504	-1.513504
1.276099	-1.513303
1.285693	-1.513101
1.295288	-1.512897
1.304883	-1.512692
1.314478	-1.512484
1.324072	-1.512276
1.333667	-1.512066
1.343262	-1.511854
1.352856	-1.511641
1.362451	-1.511427
1.372046	-1.511210
1.381641	-1.510993
1.391235	-1.510774
1.400830	-1.510553
1.410425	-1.510331
1.420020	-1.510107
1.429614	-1.509882
1.439209	-1.509655
1.448804	-1.509427
1.458398	-1.509197
1.467993	-1.508966
1.477588	-1.508733
1.487183	-1.508499
1.496777	-1.508263
1.506372	-1.508026
1.515967	-1.507787
1.525562	-1.507546
1.535156	-1.507304
1.544751	-1.507061
1.554346	-1.506816
1.563940	-1.506570
1.573535	-1.506322
1.583130	-1.506072
1.592725	-1.505821
1.602319	-1.505569
1.611914	-1.505314
1.621509	-1.505059
1.631104	-1.504802
1.640698	-1.504543
1.650293	-1.504283
1.659888	-1.504022
1.669482	-1.503758
1.679077	-1.503494
1.688672	-1.503228
1.698267	-1.502960
1.707861	-1.502691
1.717456	-1.502420
1.727051	-1.502148
1.736646	-1.501874
1.746240	-1.501599
1.755835	-1.501322
1.765430	-1.501044
1.775024	-1.500764
1.784619	-1.500482
1.794214	-1.500200
1.803809	-1.499915
1.813403	-1.499629
1.822998	-1.499342
1.832593	-1.499053
1.842188	-1.498763
1.851782	-1.498471
1.861377	-1.498177
1.870972	-1.497882
1.880566	-1.497586
1.890161	-1.497288
1.899756	-1.496988
1.909351	-1.496687
1.918945	-1.496384
1.928540	-1.496080
1.938135	-1.495775
1.947729	-1.495468
1.957324	-1.495159
1.966919	-1.494849
1.976514	-1.494537
1.986108	-1.494224
1.995703	-1.493909
2.005298	-1.493593
2.014893	-1.493275
2.024487	-1.492956
2.034082	-1.492635
2.043677	-1.492313
2.053271	-1.491989
2.062866	-1.491664
2.072461	-1.491337
2.082056	-1.491009
2.091650	-1.490679
2.101245	-1.490347
2.110840	-1.490014
2.120435	-1.489680
2.130029	-1.489344
2.139624	-1.489007
2.149219	-1.488668
2.158813	-1.488327
2.168408	-1.487985
2.178003	-1.487642
2.187598	-1.487297
2.197192	-1.486950
2.206787	-1.486602
2.216382	-1.486252
2.225977	-1.485901
2.235571	-1.485549
2.245166	-1.485195
2.254761	-1.484839
2.264355	-1.484482
2.273950	-1.484123
2.283545	-1.483763
2.293140	-1.483401
2.302734	-1.483038
2.312329	-1.482673
2.321924	-1.482307
2.331519	-1.481939
2.341113	-1.481570
2.350708	-1.481199
2.360303	-1.480827
2.369897	-1.480453
2.379492	-1.480077
2.389087	-1.479700
2.398682	-1.479322
2.408276	-1.478942
2.417871	-1.478561
2.427466	-1.478178
2.437061	-1.477793
2.446655	-1.477407
2.456250	-1.477020
2.465845	-1.476631
2.475439	-1.476240
2.485034	-1.475848
2.494629	-1.475455
2.504224	-1.475059
2.513818	-1.474663
2.523413	-1.474265
2.533008	-1.473865
2.542603	-1.473464
2.552197	-1.473061
2.561792	-1.472657
2.571387	-1.472251
2.580981	-1.471844
2.590576	-1.471435
2.600171	-1.471025
2.609766	-1.470613
2.619360	-1.470200
2.628955	-1.469785
2.638550	-1.469369
2.648145	-1.468951
2.657739	-1.468532
2.667334	-1.468111
2.676929	-1.467688
2.686523	-1.467265
2.696118	-1.466839
2.705713	-1.466412
2.715308	-1.465984
2.724902	-1.465554
2.734497	-1.465122
2.744092	-1.464689
2.753687	-1.464255
2.763281	-1.463819
2.772876	-1.463381
2.782471	-1.462942
2.792065	-1.462502
2.801660	-1.462059
2.811255	-1.461616
2.820850	-1.461171
2.830444	-1.460724
2.840039	-1.460276
2.849634	-1.459826
2.859229	-1.459375
2.868823	-1.458922
2.878418	-1.458468
2.888013	-1.458012
2.897607	-1.457555
2.907202	-1.457096
2.916797	-1.456636
2.926392	-1.456174
2.935986	-1.455711
2.945581	-1.455246
2.955176	-1.454779
2.964771	-1.454312
2.974365	-1.453842
2.983960	-1.453371
2.993555	-1.452899
3.003149	-1.452425
3.012744	-1.451949
3.022339	-1.451472
3.031934	-1.450994
3.041528	-1.450514
3.051123	-1.450032
3.060718	-1.449549
3.070313	-1.449065
3.079907	-1.448579
3.089502	-1.448091
3.099097	-1.447602
3.108691	-1.447111
3.118286	-1.446619
3.127881	-1.446125
3.137476	-1.445630
3.147070	-1.445134
3.156665	-1.444635
3.166260	-1.444136
3.175854	-1.443634
3.185449	-1.443132
3.195044	-1.442627
3.204639	-1.442121
3.214233	-1.441614
3.223828	-1.441105
3.233423	-1.440595
3.243018	-1.440083
3.252612	-1.439570
3.262207	-1.439055
3.271802	-1.438538
3.281396	-1.438020
3.290991	-1.437501
3.300586	-1.436980
3.310181	-1.436457
3.319775	-1.435933
3.329370	-1.435408
3.338965	-1.434881
3.348560	-1.434352
3.358154	-1.433822
3.367749	-1.433291
3.377344	-1.432758
3.386938	-1.432223
3.396533	-1.431687
3.406128	-1.431149
3.415723	-1.430610
3.425317	-1.430069
3.434912	-1.429527
3.444507	-1.428983
3.454102	-1.428438
3.463696	-1.427891
3.473291	-1.427343
3.482886	-1.426793
3.492480	-1.426242
3.502075	-1.425689
3.511670	-1.425135
3.521265	-1.424579
3.530859	-1.424022
3.540454	-1.423463
3.550049	-1.422902
3.559644	-1.422340
3.569238	-1.421777
3.578833	-1.421212
3.588428	-1.420646
3.598022	-1.420078
3.607617	-1.419508
3.617212	-1.418937
3.626807	-1.418365
3.636401	-1.417790
3.645996	-1.417215
3.655591	-1.416638
3.665186	-1.416059
3.674780	-1.415479
3.684375	-1.414897
3.693970	-1.414314
3.703564	-1.413730
3.713159	-1.413143
3.722754	-1.412556
3.732349	-1.411966
3.741943	-1.411376
3.751538	-1.410783
3.761133	-1.410190
3.770728	-1.409594
3.780322	-1.408998
3.789917	-1.408399
3.799512	-1.407799
3.809106	-1.407198
3.818701	-1.406595
3.828296	-1.405991
3.837891	-1.405385
3.847485	-1.404778
3.857080	-1.404169
3.866675	-1.403558
3.876270	-1.402946
3.885864	-1.402333
3.895459	-1.401718
3.905054	-1.401101
3.914648	-1.400483
3.924243	-1.399864
3.933838	-1.399242
3.943433	-1.398620
3.953027	-1.397996
3.962622	-1.397370
3.972217	-1.396743
3.981812	-1.396114
3.991406	-1.395484
4.001001	-1.394853
4.010596	-1.394219
4.020190	-1.393585
4.029785	-1.392948
4.039380	-1.392311
4.048975	-1.391671
4.058569	-1.391031
4.068164	-1.390388
4.077759	-1.389744
4.087354	-1.389099
4.096948	-1.388452
4.106543	-1.387804
4.116138	-1.387154
4.125732	-1.386503
4.135327	-1.385850
4.144922	-1.385195
4.154517	-1.384539
4.164111	-1.383882
4.173706	-1.383223
4.183301	-1.382562
4.192896	-1.381900
4.202490	-1.381237
4.212085	-1.380572
4.221680	-1.379905
4.231274	-1.379237
4.240869	-1.378567
4.250464	-1.377896
4.260059	-1.377224
4.269653	-1.376549
4.279248	-1.375874
4.288843	-1.375197
4.298438	-1.374518
4.308032	-1.373838
4.317627	-1.373156
4.327222	-1.372473
4.336816	-1.371788
4.346411	-1.371102
4.356006	-1.370414
4.365601	-1.369725
4.375195	-1.369034
4.384790	-1.368341
4.394385	-1.367647
4.403979	-1.366952
4.413574	-1.366255
4.423169	-1.365557
4.432764	-1.364857
4.442358	-1.364155
4.451953	-1.363452
4.461548	-1.362748
4.471143	-1.362042
4.480737	-1.361334
4.490332	-1.360625
4.499927	-1.359915
4.509521	-1.359203
4.519116	-1.358489
4.528711	-1.357774
4.538306	-1.357057
4.547900	-1.356339
4.557495	-1.355620
4.567090	-1.354898
4.576685	-1.354176
4.586279	-1.353452
4.595874	-1.352726
4.605469	-1.351999
4.615063	-1.351270
4.624658	-1.350540
4.634253	-1.349808
4.643848	-1.349074
4.653442	-1.348340
4.663037	-1.347603
4.672632	-1.346865
4.682227	-1.346126
4.691821	-1.345385
4.701416	-1.344643
4.711011	-1.343899
4.720605	-1.343153
4.730200	-1.342406
4.739795	-1.341658
4.749390	-1.340908
4.758984	-1.340157
4.768579	-1.339404
4.778174	-1.338649
4.787769	-1.337893
4.797363	-1.337135
4.806958	-1.336376
4.816553	-1.335616
4.826147	-1.334854
4.835742	-1.334090
4.845337	-1.333325
4.854932	-1.332558
4.864526	-1.331790
4.874121	-1.331020
4.883716	-1.330249
4.893311	-1.329476
4.902905	-1.328702
4.912500	-1.327926
4.922095	-1.327149
4.931689	-1.326370
4.941284	-1.325590
4.950879	-1.324808
4.960474	-1.324025
4.970068	-1.323240
4.979663	-1.322453
4.989258	-1.321665
4.998853	-1.320876
5.008447	-1.320085
5.018042	-1.319293
5.027637	-1.318499
5.037231	-1.317703
5.046826	-1.316906
5.056421	-1.316108
5.066016	-1.315308
5.075610	-1.314506
5.085205	-1.313703
5.094800	-1.312898
5.104395	-1.312092
5.113989	-1.311285
5.123584	-1.310476
5.133179	-1.309665
5.142773	-1.308853
5.152368	-1.308039
5.161963	-1.307224
5.171558	-1.306407
5.181152	-1.305589
5.190747	-1.304769
5.200342	-1.303948
5.209937	-1.303125
5.219531	-1.302301
5.229126	-1.301475
5.238721	-1.300648
5.248315	-1.299819
5.257910	-1.298988
5.267505	-1.298156
5.277100	-1.297323
5.286694	-1.296488
5.296289	-1.295652
5.305884	-1.294814
5.315479	-1.293974
5.325073	-1.293133
5.334668	-1.292291
5.344263	-1.291447
5.353857	-1.290601
5.363452	-1.289754
5.373047	-1.288906
5.382642	-1.288056
5.392236	-1.287204
5.401831	-1.286351
5.411426	-1.285496
5.421021	-1.284640
5.430615	-1.283782
5.440210	-1.282923
5.449805	-1.282062
5.459399	-1.281200
5.468994	-1.280337
5.478589	-1.279471
5.488184	-1.278605
5.497778	-1.277736
5.507373	-1.276866
5.516968	-1.275995
5.526563	-1.275122
5.536157	-1.274248
5.545752	-1.273372
5.555347	-1.272495
5.564941	-1.271616
5.574536	-1.270735
5.584131	-1.269853
5.593726	-1.268970
5.603320	-1.268085
5.612915	-1.267198
5.622510	-1.266310
5.632104	-1.265421
5.641699	-1.264530
5.651294	-1.263637
5.660889	-1.262743
5.670483	-1.261848
5.680078	-1.260951
5.689673	-1.260052
5.699268	-1.259152
5.708862	-1.258250
5.718457	-1.257347
5.728052	-1.256442
5.737646	-1.255536
5.747241	-1.254628
5.756836	-1.253719
5.766431	-1.252808
5.776025	-1.251896
5.785620	-1.250982
5.795215	-1.250067
5.804810	-1.249150
5.814404	-1.248232
5.823999	-1.247312
5.833594	-1.246391
5.843188	-1.245468
5.852783	-1.244543
5.862378	-1.243617
5.871973	-1.242690
5.881567	-1.241761
5.891162	-1.240831
5.900757	-1.239899
5.910352	-1.238965
5.919946	-1.238030
5.929541	-1.237094
5.939136	-1.236156
5.948730	-1.235216
5.958325	-1.234275
5.967920	-1.233332
5.977515	-1.232388
5.987109	-1.231443
5.996704	-1.230495
6.006299	-1.229547
6.015894	-1.228597
6.025488	-1.227645
6.035083	-1.226692
6.044678	-1.225737
6.054272	-1.224781
6.063867	-1.223823
6.073462	-1.222864
6.083057	-1.221903
6.092651	-1.220940
6.102246	-1.219977
6.111841	-1.219011
6.121436	-1.218044
6.131030	-1.217076
6.140625	-1.216106
6.150220	-1.215135
6.159814	-1.214162
6.169409	-1.213187
6.179004	-1.212211
6.188599	-1.211234
6.198193	-1.210255
6.207788	-1.209274
6.217383	-1.208292
6.226978	-1.207309
6.236572	-1.206324
6.246167	-1.205337
6.255762	-1.204349
6.265356	-1.203359
6.274951	-1.202368
6.284546	-1.201376
6.294141	-1.200381
6.303735	-1.199386
6.313330	-1.198388
6.322925	-1.197390
6.332520	-1.196390
6.342114	-1.195388
6.351709	-1.194385
6.361304	-1.193380
6.370898	-1.192373
6.380493	-1.191366
6.390088	-1.190356
6.399683	-1.189345
6.409277	-1.188333
6.418872	-1.187319
6.428467	-1.186304
6.438062	-1.185287
6.447656	-1.184268
6.457251	-1.183248
6.466846	-1.182227
6.476440	-1.181204
6.486035	-1.180179
6.495630	-1.179153
6.505225	-1.178126
6.514819	-1.177097
6.524414	-1.176066
6.534009	-1.175034
6.543604	-1.174001
6.553198	-1.172966
6.562793	-1.171929
6.572388	-1.170891
6.581982	-1.169851
6.591577	-1.168810
6.601172	-1.167767
6.610767	-1.166723
6.620361	-1.165677
6.629956	-1.164630
6.639551	-1.163581
6.649146	-1.162531
6.658740	-1.161479
6.668335	-1.160426
6.677930	-1.159371
6.687524	-1.158315
6.697119	-1.157257
6.706714	-1.156197
6.716309	-1.155136
6.725903	-1.154074
6.735498	-1.153010
6.745093	-1.151945
6.754688	-1.150878
6.764282	-1.149809
6.773877	-1.148739
6.783472	-1.147668
6.793066	-1.146595
6.802661	-1.145520
6.812256	-1.144444
6.821851	-1.143366
6.831445	-1.142287
6.841040	-1.141207
6.850635	-1.140125
6.860229	-1.139041
6.869824	-1.137956
6.879419	-1.136869
6.889014	-1.135781
6.898608	-1.134691
6.908203	-1.133600
6.917798	-1.132507
6.927393	-1.131413
6.936987	-1.130317
6.946582	-1.129220
6.956177	-1.128121
6.965771	-1.127021
6.975366	-1.125919
6.984961	-1.124815
6.994556	-1.123711
7.004150	-1.122604
7.013745	-1.121496
7.023340	-1.120387
7.032935	-1.119276
7.042529	-1.118163
7.052124	-1.117049
7.061719	-1.115934
7.071313	-1.114817
7.080908	-1.113698
7.090503	-1.112578
7.100098	-1.111457
7.109692	-1.110334
7.119287	-1.109209
7.128882	-1.108083
7.138477	-1.106955
7.148071	-1.105826
7.157666	-1.104695
7.167261	-1.103563
7.176855	-1.102430
7.186450	-1.101294
7.196045	-1.100158
7.205640	-1.099019
7.215234	-1.097880
7.224829	-1.096738
7.234424	-1.095595
7.244019	-1.094451
7.253613	-1.093305
7.263208	-1.092158
7.272803	-1.091009
7.282397	-1.089859
7.291992	-1.088707
7.301587	-1.087553
7.311182	-1.086398
7.320776	-1.085242
7.330371	-1.084084
7.339966	-1.082925
7.349561	-1.081764
7.359155	-1.080601
7.368750	-1.079437
7.378345	-1.078271
7.387939	-1.077104
7.397534	-1.075936
7.407129	-1.074766
7.416724	-1.073594
7.426318	-1.072421
7.435913	-1.071246
7.445508	-1.070070
7.455103	-1.068892
7.464697	-1.067713
7.474292	-1.066533
7.483887	-1.065350
7.493481	-1.064167
7.503076	-1.062981
7.512671	-1.061795
7.522266	-1.060606
7.531860	-1.059416
7.541455	-1.058225
7.551050	-1.057032
7.560645	-1.055838
7.570239	-1.054642
7.579834	-1.053445
7.589429	-1.052246
7.599023	-1.051045
7.608618	-1.049843
7.618213	-1.048640
7.627808	-1.047435
7.637402	-1.046228
7.646997	-1.045020
7.656592	-1.043811
7.666187	-1.042600
7.675781	-1.041387
7.685376	-1.040173
7.694971	-1.038957
7.704565	-1.037740
7.714160	-1.036522
7.723755	-1.035302
7.733350	-1.034080
7.742944	-1.032857
7.752539	-1.031632
7.762134	-1.030406
7.771729	-1.029178
7.781323	-1.027949
7.790918	-1.026718
7.800513	-1.025486
7.810107	-1.024252
7.819702	-1.023017
7.829297	-1.021780
7.838892	-1.020541
7.848486	-1.019302
7.858081	-1.018060
7.867676	-1.016819
7.877271	-1.015580
7.886865	-1.014345
7.896460	-1.013112
7.906055	-1.011883
7.915649	-1.010656
7.925244	-1.009433
7.934839	-1.008212
7.944434	-1.006994
7.954028	-1.005780
7.963623	-1.004568
7.973218	-1.003359
7.982813	-1.002153
7.992407	-1.000950
8.002002	-0.999750
8.011597	-0.998553
8.021191	-0.997358
8.030786	-0.996166
8.040381	-0.994978
8.049976	-0.993792
8.059570	-0.992609
8.069165	-0.991428
8.078760	-0.990251
8.088354	-0.989076
8.097949	-0.987904
8.107544	-0.986735
8.117139	-0.985569
8.126733	-0.984405
8.136328	-0.983245
8.145923	-0.982086
8.155518	-0.980931
8.165112	-0.979778
8.174707	-0.978628
8.184302	-0.977481
8.193896	-0.976336
8.203491	-0.975195
8.213086	-0.974055
8.222681	-0.972919
8.232275	-0.971785
8.241870	-0.970653
8.251465	-0.969525
8.261060	-0.968399
8.270654	-0.967275
8.280249	-0.966155
8.289844	-0.965036
8.299438	-0.963921
8.309033	-0.962808
8.318628	-0.961697
8.328223	-0.960589
8.337817	-0.959484
8.347412	-0.958381
8.357007	-0.957281
8.366602	-0.956183
8.376196	-0.955087
8.385791	-0.953995
8.395386	-0.952904
8.404980	-0.951817
8.414575	-0.950731
8.424170	-0.949648
8.433765	-0.948568
8.443359	-0.947490
8.452954	-0.946415
8.462549	-0.945342
8.472144	-0.944271
8.481738	-0.943203
8.491333	-0.942137
8.500928	-0.941074
8.510522	-0.940013
8.520117	-0.938954
8.529712	-0.937898
8.539307	-0.936844
8.548901	-0.935793
8.558496	-0.934744
8.568091	-0.933697
8.577686	-0.932653
8.587280	-0.931610
8.596875	-0.930571
8.606470	-0.929533
8.616064	-0.928498
8.625659	-0.927465
8.635254	-0.926435
8.644849	-0.925407
8.654443	-0.924381
8.664038	-0.923357
8.673633	-0.922336
8.683228	-0.921316
8.692822	-0.920300
8.702417	-0.919285
8.712012	-0.918272
8.721606	-0.917262
8.731201	-0.916254
8.740796	-0.915248
8.750391	-0.914245
8.759985	-0.913244
8.769580	-0.912244
8.779175	-0.911247
8.788770	-0.910253
8.798364	-0.909260
8.807959	-0.908269
8.817554	-0.907281
8.827148	-0.906295
8.836743	-0.905311
8.846338	-0.904329
8.855933	-0.903349
8.865527	-0.902372
8.875122	-0.901396
8.884717	-0.900423
8.894312	-0.899451
8.903906	-0.898482
8.913501	-0.897515
8.923096	-0.896550
8.932690	-0.895587
8.942285	-0.894626
8.951880	-0.893667
8.961475	-0.892710
8.971069	-0.891755
8.980664	-0.890803
8.990259	-0.889852
8.999854	-0.888903
9.009448	-0.887957
9.019043	-0.887012
9.028638	-0.886069
9.038232	-0.885129
9.047827	-0.884190
9.057422	-0.883254
9.067017	-0.882319
9.076611	-0.881386
9.086206	-0.880455
9.095801	-0.879527
9.105396	-0.878600
9.114990	-0.877675
9.124585	-0.876752
9.134180	-0.875831
9.143774	-0.874912
9.153369	-0.873995
9.162964	-0.873080
9.172559	-0.872167
9.182153	-0.871255
9.191748	-0.870346
9.201343	-0.869438
9.210938	-0.868533
9.220532	-0.867629
9.230127	-0.866727
9.239722	-0.865827
9.249316	-0.864929
9.258911	-0.864032
9.268506	-0.863138
9.278101	-0.862245
9.287695	-0.861355
9.297290	-0.860466
9.306885	-0.859579
9.316479	-0.858693
9.326074	-0.857810
9.335669	-0.856928
9.345264	-0.856049
9.354858	-0.855171
9.364453	-0.854294
9.374048	-0.853420
9.383643	-0.852547
9.393237	-0.851677
9.402832	-0.850807
9.412427	-0.849940
9.422021	-0.849075
9.431616	-0.848211
9.441211	-0.847349
9.450806	-0.846489
9.460400	-0.845630
9.469995	-0.844773
9.479590	-0.843918
9.489185	-0.843065
9.498779	-0.842213
9.508374	-0.841364
9.517969	-0.840515
9.527563	-0.839669
9.537158	-0.838824
9.546753	-0.837981
9.556348	-0.837140
9.565942	-0.836300
9.575537	-0.835462
9.585132	-0.834626
9.594727	-0.833791
9.604321	-0.832958
9.613916	-0.832127
9.623511	-0.831297
9.633105	-0.830469
9.642700	-0.829643
9.652295	-0.828818
9.661890	-0.827995
9.671484	-0.827174
9.681079	-0.826354
9.690674	-0.825536
9.700269	-0.824719
9.709863	-0.823904
9.719458	-0.823091
9.729053	-0.822279
9.738647	-0.821469
9.748242	-0.820661
9.757837	-0.819854
9.767432	-0.819048
9.777026	-0.818245
9.786621	-0.817442
9.796216	-0.816642
9.805811	-0.815843
9.815405	-0.815045
9.825000	-0.814249
9.834595	-0.813455
9.844189	-0.812662
9.853784	-0.811871
9.863379	-0.811081
9.872974	-0.810293
9.882568	-0.809506
9.892163	-0.808721
9.901758	-0.807937
9.911353	-0.807155
9.920947	-0.806375
9.930542	-0.805596
9.940137	-0.804818
9.949731	-0.804042
9.959326	-0.803267
9.968921	-0.802494
9.978516	-0.801722
9.988110	-0.800952
9.997705	-0.800184
10.007300	-0.799416
10.016895	-0.798651
10.026489	-0.797886
10.036084	-0.797124
10.045679	-0.796362
10.055273	-0.795602
10.064868	-0.794844
10.074463	-0.794087
10.084058	-0.793331
10.093652	-0.792577
10.103247	-0.791825
10.112842	-0.791073
10.122437	-0.790324
10.132031	-0.789575
10.141626	-0.788828
10.151221	-0.788083
10.160815	-0.787338
10.170410	-0.786596
10.180005	-0.785854
10.189600	-0.785114
10.199194	-0.784376
10.208789	-0.783638
10.218384	-0.782903
10.227979	-0.782168
10.237573	-0.781435
10.247168	-0.780704
10.256763	-0.779973
10.266357	-0.779244
10.275952	-0.778517
10.285547	-0.777790
10.295142	-0.777066
10.304736	-0.776342
10.314331	-0.775620
10.323926	-0.774899
10.333521	-0.774180
10.343115	-0.773461
10.352710	-0.772745
10.362305	-0.772029
10.371899	-0.771315
10.381494	-0.770602
10.391089	-0.769890
10.400684	-0.769180
10.410278	-0.768471
10.419873	-0.767764
10.429468	-0.767057
10.439063	-0.766352
10.448657	-0.765649
10.458252	-0.764946
10.467847	-0.764245
10.477441	-0.763545
10.487036	-0.762847
10.496631	-0.762149
10.506226	-0.761453
10.515820	-0.760759
10.525415	-0.760065
10.535010	-0.759373
10.544604	-0.758682
10.554199	-0.757992
10.563794	-0.757304
10.573389	-0.756616
10.582983	-0.755931
10.592578	-0.755246
10.602173	-0.754562
10.611768	-0.753880
10.621362	-0.753199
10.630957	-0.752519
10.640552	-0.751841
10.650146	-0.751163
10.659741	-0.750487
10.669336	-0.749812
10.678931	-0.749139
10.688525	-0.748466
10.698120	-0.747795
10.707715	-0.747125
10.717310	-0.746456
10.726904	-0.745788
10.736499	-0.745122
10.746094	-0.744457
10.755688	-0.743792
10.765283	-0.743130
10.774878	-0.742468
10.784473	-0.741807
10.794067	-0.741148
10.803662	-0.740490
10.813257	-0.739833
10.822852	-0.739177
10.832446	-0.738522
10.842041	-0.737868
10.851636	-0.737216
10.861230	-0.736565
10.870825	-0.735915
10.880420	-0.735266
10.890015	-0.734618
10.899609	-0.733971
10.909204	-0.733326
10.918799	-0.732681
10.928394	-0.732038
10.937988	-0.731396
10.947583	-0.730755
10.957178	-0.730115
10.966772	-0.729476
10.976367	-0.728839
10.985962	-0.728202
10.995557	-0.727567
11.005151	-0.726932
11.014746	-0.726299
11.024341	-0.725667
11.033936	-0.725036
11.043530	-0.724406
11.053125	-0.723777
11.062720	-0.723149
11.072314	-0.722523
11.081909	-0.721897
11.091504	-0.721273
11.101099	-0.720649
11.110693	-0.720027
11.120288	-0.719406
11.129883	-0.718786
11.139478	-0.718167
11.149072	-0.717548
11.158667	-0.716932
11.168262	-0.716316
11.177856	-0.715701
11.187451	-0.715087
11.197046	-0.714474
11.206641	-0.713862
11.216235	-0.713252
11.225830	-0.712642
11.235425	-0.712034
11.245020	-0.711426
11.254614	-0.710820
11.264209	-0.710214
11.273804	-0.709610
11.283398	-0.709006
11.292993	-0.708404
11.302588	-0.707803
11.312183	-0.707202
11.321777	-0.706603
11.331372	-0.706005
11.340967	-0.705407
11.350562	-0.704811
11.360156	-0.704216
11.369751	-0.703621
11.379346	-0.703028
11.388940	-0.702436
11.398535	-0.701845
11.408130	-0.701254
11.417725	-0.700665
11.427319	-0.700077
11.436914	-0.699489
11.446509	-0.698903
11.456104	-0.698318
11.465698	-0.697733
11.475293	-0.697150
11.484888	-0.696568
11.494482	-0.695986
11.504077	-0.695406
11.513672	-0.694826
11.523267	-0.694248
11.532861	-0.693670
11.542456	-0.693093
11.552051	-0.692518
11.561646	-0.691943
11.571240	-0.691369
11.580835	-0.690796
11.590430	-0.690225
11.600024	-0.689654
11.609619	-0.689084
11.619214	-0.688515
11.628809	-0.687947
11.638403	-0.687380
11.647998	-0.686813
11.657593	-0.686248
11.667188	-0.685684
11.676782	-0.685120
11.686377	-0.684558
11.695972	-0.683996
11.705566	-0.683436
11.715161	-0.682876
11.724756	-0.682317
11.734351	-0.681759
11.743945	-0.681202
11.753540	-0.680646
11.763135	-0.680091
11.772729	-0.679537
11.782324	-0.678983
11.791919	-0.678431
11.801514	-0.677879
11.811108	-0.677328
11.820703	-0.676779
11.830298	-0.676230
11.839893	-0.675682
11.849487	-0.675135
11.859082	-0.674588
11.868677	-0.674043
11.878271	-0.673499
11.887866	-0.672955
11.897461	-0.672412
11.907056	-0.671871
11.916650	-0.671330
11.926245	-0.670790
11.935840	-0.670250
11.945435	-0.669712
11.955029	-0.669174
11.964624	-0.668638
11.974219	-0.668102
11.983813	-0.667567
11.993408	-0.667033
12.003003	-0.666500
12.012598	-0.665968
12.022192	-0.665436
12.031787	-0.664905
12.041382	-0.664376
12.050977	-0.663847
12.060571	-0.663318
12.070166	-0.662791
12.079761	-0.662265
12.089355	-0.661739
12.098950	-0.661214
12.108545	-0.660690
12.118140	-0.660167
12.127734	-0.659645
12.137329	-0.659124
12.146924	-0.658603
12.156519	-0.658083
12.166113	-0.657564
12.175708	-0.657046
12.185303	-0.656529
12.194897	-0.656012
12.204492	-0.655496
12.214087	-0.654981
12.223682	-0.654467
12.233276	-0.653954
12.242871	-0.653441
12.252466	-0.652930
12.262061	-0.652419
12.271655	-0.651909
12.281250	-0.651399
12.290845	-0.650891
12.300439	-0.650383
12.310034	-0.649876
12.319629	-0.649370
12.329224	-0.648865
12.338818	-0.648360
12.348413	-0.647857
12.358008	-0.647354
12.367603	-0.646851
12.377197	-0.646350
12.386792	-0.645849
12.396387	-0.645349
12.405981	-0.644850
12.415576	-0.644352
12.425171	-0.643854
12.434766	-0.643358
12.444360	-0.642861
12.453955	-0.642366
12.463550	-0.641872
12.473145	-0.641378
12.482739	-0.640885
12.492334	-0.640393
12.501929	-0.639901
12.511523	-0.639411
12.521118	-0.638921
12.530713	-0.638431
12.540308	-0.637943
12.549902	-0.637455
12.559497	-0.636968
12.569092	-0.636482
12.578687	-0.635996
12.588281	-0.635512
12.597876	-0.635028
12.607471	-0.634544
12.617065	-0.634062
12.626660	-0.633580
12.636255	-0.633099
12.645850	-0.632619
12.655444	-0.632139
12.665039	-0.631660
12.674634	-0.631182
12.684229	-0.630704
12.693823	-0.630228
12.703418	-0.629752
12.713013	-0.629276
12.722607	-0.628802
12.732202	-0.628328
12.741797	-0.627855
12.751392	-0.627383
12.760986	-0.626911
12.770581	-0.626440
12.780176	-0.625969
12.789771	-0.625500
12.799365	-0.625031
12.808960	-0.624563
12.818555	-0.624095
12.828149	-0.623629
12.837744	-0.623162
12.847339	-0.622697
12.856934	-0.622232
12.866528	-0.621768
12.876123	-0.621305
12.885718	-0.620842
12.895313	-0.620380
12.904907	-0.619919
12.914502	-0.619459
12.924097	-0.618999
12.933691	-0.618540
12.943286	-0.618081
12.952881	-0.617623
12.962476	-0.617166
12.972070	-0.616710
12.981665	-0.616254
12.991260	-0.615799
13.000854	-0.615344
13.010449	-0.614890
13.020044	-0.614437
13.029639	-0.613985
13.039233	-0.613533
13.048828	-0.613082
13.058423	-0.612631
13.068018	-0.612182
13.077612	-0.611732
13.087207	-0.611284
13.096802	-0.610836
13.106396	-0.610389
13.115991	-0.609942
13.125586	-0.609497
13.135181	-0.609051
13.144775	-0.608607
13.154370	-0.608163
13.163965	-0.607720
13.173560	-0.607277
13.183154	-0.606835
13.192749	-0.606394
13.202344	-0.605953
13.211938	-0.605513
13.221533	-0.605074
13.231128	-0.604635
13.240723	-0.604197
13.250317	-0.603759
13.259912	-0.603322
13.269507	-0.602886
13.279102	-0.602450
13.288696	-0.602015
13.298291	-0.601581
13.307886	-0.601147
13.317480	-0.600714
13.327075	-0.600282
13.336670	-0.599850
13.346265	-0.599419
13.355859	-0.598988
13.365454	-0.598558
13.375049	-0.598129
13.384644	-0.597700
13.394238	-0.597272
13.403833	-0.596844
13.413428	-0.596417
13.423022	-0.595991
13.432617	-0.595565
13.442212	-0.595140
13.451807	-0.594716
13.461401	-0.594292
13.470996	-0.593868
13.480591	-0.593446
13.490186	-0.593024
13.499780	-0.592602
13.509375	-0.592181
13.518970	-0.591761
13.528564	-0.591341
13.538159	-0.590922
13.547754	-0.590504
13.557349	-0.590086
13.566943	-0.589669
13.576538	-0.589252
13.586133	-0.588836
13.595728	-0.588420
13.605322	-0.588005
13.614917	-0.587591
13.624512	-0.587177
13.634106	-0.586764
13.643701	-0.586351
13.653296	-0.585939
13.662891	-0.585528
13.672485	-0.585117
13.682080	-0.584706
13.691675	-0.584297
13.701270	-0.583887
13.710864	-0.583479
13.720459	-0.583071
13.730054	-0.582663
13.739648	-0.582257
13.749243	-0.581850
13.758838	-0.581444
13.768433	-0.581039
13.778027	-0.580635
13.787622	-0.580231
13.797217	-0.579827
13.806812	-0.579424
13.816406	-0.579022
13.826001	-0.578620
13.835596	-0.578219
13.845190	-0.577818
13.854785	-0.577418
13.864380	-0.577018
13.873975	-0.576619
13.883569	-0.576221
13.893164	-0.575823
13.902759	-0.575425
13.912354	-0.575029
13.921948	-0.574632
13.931543	-0.574236
13.941138	-0.573841
13.950732	-0.573447
13.960327	-0.573052
13.969922	-0.572659
13.979517	-0.572266
13.989111	-0.571873
13.998706	-0.571481
14.008301	-0.571090
14.017896	-0.570699
14.027490	-0.570309
14.037085	-0.569919
14.046680	-0.569530
14.056274	-0.569141
14.065869	-0.568753
14.075464	-0.568365
14.085059	-0.567978
14.094653	-0.567591
14.104248	-0.567205
14.113843	-0.566819
14.123438	-0.566434
14.133032	-0.566050
14.142627	-0.565666
14.152222	-0.565282
14.161816	-0.564899
14.171411	-0.564517
14.181006	-0.564135
14.190601	-0.563753
14.200195	-0.563373
14.209790	-0.562992
14.219385	-0.562612
14.228979	-0.562233
14.238574	-0.561854
14.248169	-0.561476
14.257764	-0.561098
14.267358	-0.560720
14.276953	-0.560344
14.286548	-0.559967
14.296143	-0.559592
14.305737	-0.559216
14.315332	-0.558841
14.324927	-0.558467
14.334521	-0.558093
14.344116	-0.557720
14.353711	-0.557347
14.363306	-0.556975
14.372900	-0.556603
14.382495	-0.556232
14.392090	-0.555861
14.401685	-0.555491
14.411279	-0.555121
14.420874	-0.554751
14.430469	-0.554383
14.440063	-0.554014
14.449658	-0.553646
14.459253	-0.553279
14.468848	-0.552912
14.478442	-0.552546
14.488037	-0.552180
14.497632	-0.551814
14.507227	-0.551449
14.516821	-0.551085
14.526416	-0.550721
14.536011	-0.550357
14.545605	-0.549994
14.555200	-0.549632
14.564795	-0.549270
14.574390	-0.548908
14.583984	-0.548547
14.593579	-0.548186
14.603174	-0.547826
14.612769	-0.547466
14.622363	-0.547107
14.631958	-0.546748
14.641553	-0.546390
14.651147	-0.546032
14.660742	-0.545675
14.670337	-0.545318
14.679932	-0.544962
14.689526	-0.544606
14.699121	-0.544250
14.708716	-0.543895
14.718311	-0.543541
14.727905	-0.543187
14.737500	-0.542833
14.747095	-0.542480
14.756689	-0.542127
14.766284	-0.541775
14.775879	-0.541423
14.785474	-0.541072
14.795068	-0.540721
14.804663	-0.540370
14.814258	-0.540020
14.823853	-0.539671
14.833447	-0.539322
14.843042	-0.538973
14.852637	-0.538625
14.862231	-0.538277
14.871826	-0.537930
14.881421	-0.537583
14.891016	-0.537237
14.900610	-0.536891
14.910205	-0.536545
14.919800	-0.536200
14.929395	-0.535856
14.938989	-0.535511
14.948584	-0.535168
14.958179	-0.534824
14.967773	-0.534482
14.977368	-0.534139
14.986963	-0.533797
14.996558	-0.533456
15.006152	-0.533115
15.015747	-0.532774
15.025342	-0.532434
15.034937	-0.532094
15.044531	-0.531755
15.054126	-0.531416
15.063721	-0.531077
15.073315	-0.530739
15.082910	-0.530402
15.092505	-0.530064
15.102100	-0.529728
15.111694	-0.529391
15.121289	-0.529055
15.130884	-0.528720
15.140479	-0.528385
15.150073	-0.528050
15.159668	-0.527716
15.169263	-0.527382
15.178857	-0.527049
15.188452	-0.526716
15.198047	-0.526383
15.207642	-0.526051
15.217236	-0.525720
15.226831	-0.525388
15.236426	-0.525058
15.246021	-0.524727
15.255615	-0.524397
15.265210	-0.524067
15.274805	-0.523738
15.284399	-0.523410
15.293994	-0.523081
15.303589	-0.522753
15.313184	-0.522426
15.322778	-0.522099
15.332373	-0.521772
15.341968	-0.521445
15.351563	-0.521120
15.361157	-0.520794
15.370752	-0.520469
15.380347	-0.520144
15.389941	-0.519820
15.399536	-0.519496
15.409131	-0.519173
15.418726	-0.518850
15.428320	-0.518527
15.437915	-0.518205
15.447510	-0.517883
15.457104	-0.517561
15.466699	-0.517240
15.476294	-0.516920
15.485889	-0.516599
15.495483	-0.516279
15.505078	-0.515960
15.514673	-0.515641
15.524268	-0.515322
15.533862	-0.515004
15.543457	-0.514686
15.553052	-0.514369
15.562646	-0.514051
15.572241	-0.513735
15.581836	-0.513418
15.591431	-0.513102
15.601025	-0.512787
15.610620	-0.512472
15.620215	-0.512157
15.629810	-0.511842
15.639404	-0.511528
15.648999	-0.511215
15.658594	-0.510902
15.668188	-0.510589
15.677783	-0.510276
15.687378	-0.509964
15.696973	-0.509652
15.706567	-0.509341
15.716162	-0.509030
15.725757	-0.508720
15.735352	-0.508409
15.744946	-0.508100
15.754541	-0.507790
15.764136	-0.507481
15.773730	-0.507172
15.783325	-0.506864
15.792920	-0.506556
15.802515	-0.506249
15.812109	-0.505941
15.821704	-0.505635
15.831299	-0.505328
15.840894	-0.505022
15.850488	-0.504716
15.860083	-0.504411
15.869678	-0.504106
15.879272	-0.503801
15.888867	-0.503497
15.898462	-0.503193
15.908057	-0.502890
15.917651	-0.502587
15.927246	-0.502284
15.936841	-0.501982
15.946436	-0.501680
15.956030	-0.501378
15.965625	-0.501077
15.975220	-0.500776
15.984814	-0.500475
15.994409	-0.500175
16.004004	-0.499875
16.013599	-0.499575
16.023193	-0.499276
16.032788	-0.498977
16.042383	-0.498679
16.051978	-0.498381
16.061572	-0.498083
16.071167	-0.497786
16.080762	-0.497489
16.090356	-0.497192
16.099951	-0.496896
16.109546	-0.496600
16.119141	-0.496304
16.128735	-0.496009
16.138330	-0.495714
16.147925	-0.495420
16.157520	-0.495126
16.167114	-0.494832
16.176709	-0.494538
16.186304	-0.494245
16.195898	-0.493952
16.205493	-0.493660
16.215088	-0.493368
16.224683	-0.493076
16.234277	-0.492784
16.243872	-0.492493
16.253467	-0.492203
16.263062	-0.491912
16.272656	-0.491622
16.282251	-0.491333
16.291846	-0.491043
16.301440	-0.490754
16.311035	-0.490465
16.320630	-0.490177
16.330225	-0.489889
16.339819	-0.489601
16.349414	-0.489314
16.359009	-0.489027
16.368604	-0.488741
16.378198	-0.488454
16.387793	-0.488168
16.397388	-0.487883
16.406982	-0.487597
16.416577	-0.487312
16.426172	-0.487028
16.435767	-0.486743
16.445361	-0.486459
16.454956	-0.486176
16.464551	-0.485892
16.474146	-0.485609
16.483740	-0.485327
16.493335	-0.485044
16.502930	-0.484762
16.512524	-0.484481
16.522119	-0.484199
16.531714	-0.483918
16.541309	-0.483638
16.550903	-0.483357
16.560498	-0.483077
16.570093	-0.482798
16.579688	-0.482518
16.589282	-0.482239
16.598877	-0.481960
16.608472	-0.481682
16.618066	-0.481404
16.627661	-0.481126
16.637256	-0.480849
16.646851	-0.480571
16.656445	-0.480295
16.666040	-0.480018
16.675635	-0.479742
16.685229	-0.479466
16.694824	-0.479190
16.704419	-0.478915
16.714014	-0.478640
16.723608	-0.478366
16.733203	-0.478091
16.742798	-0.477817
16.752393	-0.477544
16.761987	-0.477270
16.771582	-0.476997
16.781177	-0.476725
16.790771	-0.476452
16.800366	-0.476180
16.809961	-0.475908
16.819556	-0.475637
16.829150	-0.475366
16.838745	-0.475095
16.848340	-0.474824
16.857935	-0.474554
16.867529	-0.474284
16.877124	-0.474014
16.886719	-0.473745
16.896313	-0.473476
16.905908	-0.473207
16.915503	-0.472939
16.925098	-0.472671
16.934692	-0.472403
16.944287	-0.472136
16.953882	-0.471868
16.963477	-0.471601
16.973071	-0.471335
16.982666	-0.471069
16.992261	-0.470803
17.001855	-0.470537
17.011450	-0.470271
17.021045	-0.470006
17.030640	-0.469742
17.040234	-0.469477
17.049829	-0.469213
17.059424	-0.468949
17.069019	-0.468685
17.078613	-0.468422
17.088208	-0.468159
17.097803	-0.467896
17.107397	-0.467634
17.116992	-0.467372
17.126587	-0.467110
17.136182	-0.466848
17.145776	-0.466587
17.155371	-0.466326
17.164966	-0.466066
17.174561	-0.465805
17.184155	-0.465545
17.193750	-0.465285
17.203345	-0.465026
17.212939	-0.464767
17.222534	-0.464508
17.232129	-0.464249
17.241724	-0.463991
17.251318	-0.463733
17.260913	-0.463475
17.270508	-0.463217
17.280103	-0.462960
17.289697	-0.462703
17.299292	-0.462447
17.308887	-0.462190
17.318481	-0.461934
17.328076	-0.461678
17.337671	-0.461423
17.347266	-0.461168
17.356860	-0.460913
17.366455	-0.460658
17.376050	-0.460404
17.385645	-0.460150
17.395239	-0.459896
17.404834	-0.459642
17.414429	-0.459389
17.424023	-0.459136
17.433618	-0.458884
17.443213	-0.458631
17.452808	-0.458379
17.462402	-0.458127
17.471997	-0.457876
17.481592	-0.457624
17.491187	-0.457373
17.500781	-0.457122
17.510376	-0.456872
17.519971	-0.456622
17.529565	-0.456372
17.539160	-0.456122
17.548755	-0.455873
17.558350	-0.455624
17.567944	-0.455375
17.577539	-0.455126
17.587134	-0.454878
17.596729	-0.454630
17.606323	-0.454382
17.615918	-0.454135
17.625513	-0.453888
17.635107	-0.453641
17.644702	-0.453394
17.654297	-0.453147
17.663892	-0.452901
17.673486	-0.452655
17.683081	-0.452410
17.692676	-0.452165
17.702271	-0.451919
17.711865	-0.451675
17.721460	-0.451430
17.731055	-0.451186
17.740649	-0.450942
17.750244	-0.450698
17.759839	-0.450455
17.769434	-0.450211
17.779028	-0.449968
17.788623	-0.449726
17.798218	-0.449483
17.807813	-0.449241
17.817407	-0.448999
17.827002	-0.448757
17.836597	-0.448516
17.846191	-0.448275
17.855786	-0.448034
17.865381	-0.447793
17.874976	-0.447553
17.884570	-0.447313
17.894165	-0.447073
17.903760	-0.446834
17.913354	-0.446594
17.922949	-0.446355
17.932544	-0.446116
17.942139	-0.445878
17.951733	-0.445639
17.961328	-0.445401
17.970923	-0.445164
17.980518	-0.444926
17.990112	-0.444689
17.999707	-0.444452
18.009302	-0.444215
18.018896	-0.443978
18.028491	-0.443742
18.038086	-0.443506
18.047681	-0.443270
18.057275	-0.443035
18.066870	-0.442799
18.076465	-0.442564
18.086060	-0.442330
18.095654	-0.442095
18.105249	-0.441861
18.114844	-0.441627
18.124438	-0.441393
18.134033	-0.441159
18.143628	-0.440926
18.153223	-0.440693
18.162817	-0.440460
18.172412	-0.440228
18.182007	-0.439995
18.191602	-0.439763
18.201196	-0.439532
18.210791	-0.439300
18.220386	-0.439069
18.229980	-0.438838
18.239575	-0.438607
18.249170	-0.438376
18.258765	-0.438146
18.268359	-0.437916
18.277954	-0.437686
18.287549	-0.437456
18.297144	-0.437227
18.306738	-0.436998
18.316333	-0.436769
18.325928	-0.436540
18.335522	-0.436312
18.345117	-0.436083
18.354712	-0.435855
18.364307	-0.435628
18.373901	-0.435400
18.383496	-0.435173
18.393091	-0.434946
18.402686	-0.434719
18.412280	-0.434493
18.421875	-0.434266
18.431470	-0.434040
18.441064	-0.433814
18.450659	-0.433589
18.460254	-0.433363
18.469849	-0.433138
18.479443	-0.432913
18.489038	-0.432689
18.498633	-0.432464
18.508228	-0.432240
18.517822	-0.432016
18.527417	-0.431793
18.537012	-0.431569
18.546606	-0.431346
18.556201	-0.431123
18.565796	-0.430900
18.575391	-0.430677
18.584985	-0.430455
18.594580	-0.430233
18.604175	-0.430011
18.613770	-0.429789
18.623364	-0.429568
18.632959	-0.429347
18.642554	-0.429126
18.652148	-0.428905
18.661743	-0.428684
18.671338	-0.428464
18.680933	-0.428244
18.690527	-0.428024
18.700122	-0.427805
18.709717	-0.427585
18.719312	-0.427366
18.728906	-0.427147
18.738501	-0.426928
18.748096	-0.426710
18.757690	-0.426492
18.767285	-0.426274
18.776880	-0.426056
18.786475	-0.425838
18.796069	-0.425621
18.805664	-0.425404
18.815259	-0.425187
18.824854	-0.424970
18.834448	-0.424754
18.844043	-0.424537
18.853638	-0.424321
18.863232	-0.424105
18.872827	-0.423890
18.882422	-0.423674
18.892017	-0.423459
18.901611	-0.423244
18.911206	-0.423030
18.920801	-0.422815
18.930396	-0.422601
18.939990	-0.422387
18.949585	-0.422173
18.959180	-0.421959
18.968774	-0.421746
18.978369	-0.421533
18.987964	-0.421320
18.997559	-0.421107
19.007153	-0.420894
19.016748	-0.420682
19.026343	-0.420470
19.035938	-0.420258
19.045532	-0.420046
19.055127	-0.419835
19.064722	-0.419623
19.074316	-0.419412
19.083911	-0.419201
19.093506	-0.418991
19.103101	-0.418780
19.112695	-0.418570
19.122290	-0.418360
19.131885	-0.418150
19.141479	-0.417941
19.151074	-0.417731
19.160669	-0.417522
19.170264	-0.417313
19.179858	-0.417104
19.189453	-0.416896
19.199048	-0.416687
19.208643	-0.416479
19.218237	-0.416271
19.227832	-0.416064
19.237427	-0.415856
19.247021	-0.415649
19.256616	-0.415442
19.266211	-0.415235
19.275806	-0.415028
19.285400	-0.414822
19.294995	-0.414615
19.304590	-0.414409
19.314185	-0.414203
19.323779	-0.413998
19.333374	-0.413792
19.342969	-0.413587
19.352563	-0.413382
19.362158	-0.413177
19.371753	-0.412972
19.381348	-0.412768
19.390942	-0.412564
19.400537	-0.412360
19.410132	-0.412156
19.419727	-0.411952
19.429321	-0.411749
19.438916	-0.411546
19.448511	-0.411343
19.458105	-0.411140
19.467700	-0.410937
19.477295	-0.410735
19.486890	-0.410532
19.496484	-0.410330
19.506079	-0.410129
19.515674	-0.409927
19.525269	-0.409725
19.534863	-0.409524
19.544458	-0.409323
19.554053	-0.409122
19.563647	-0.408922
19.573242	-0.408721
19.582837	-0.408521
19.592432	-0.408321
19.602026	-0.408121
19.611621	-0.407921
19.621216	-0.407722
19.630811	-0.407523
19.640405	-0.407324
